id,index,string,syllables
1,0,"arma virumque cano, Troiae qui primus ab oris",0|ar|-|0|2|1|ma|u|2|2|2|vi|u|5|2|3|rum|-|7|3|4|que|u|10|3|5|ca|u|14|2|6|no|-|16|2|7|Tro|-|20|3|8|iae|-|23|3|9|qui|-|27|3|10|pri|-|31|3|11|mus|u|34|3|12|ab|u|38|2|13|o|-|41|1|14|ris|x|42|3
2,1,"Italiam, fato profugus, Laviniaque venit",0|I|-|0|1|1|ta|u|1|2|2|li|u|3|2|3|am|-|5|2|4|fa|-|9|2|5|to|-|11|2|6|pro|u|14|3|7|fu|u|17|2|8|gus|-|19|3|9|la|-|24|2|10|vi|-|26|2|11|nia|u|28|3|12|que|u|31|3|13|ve|-|35|2|14|nit|x|37|3
3,2,"litora, multum ille et terris iactatus et alto",0|li|-|0|2|1|to|u|2|2|2|ra|u|4|2|3|mul|-|8|3|4|tum-il|-|11|6|5|le-et|-|17|5|6|ter|-|23|3|7|ris|-|26|3|8|iac|-|30|3|9|ta|-|33|2|10|tus|u|35|3|11|et|u|39|2|12|al|-|42|2|13|to|x|44|2
4,3,vi superum saevae memorem Iunonis ob iram,0|vi|-|0|2|1|su|u|3|2|2|pe|u|5|2|3|rum|-|7|3|4|sae|-|11|3|5|vae|-|14|3|6|me|u|18|2|7|mo|u|20|2|8|rem|-|22|3|9|Iu|-|26|2|10|no|-|28|2|11|nis|u|30|3|12|ob|u|34|2|13|i|-|37|1|14|ram|x|38|3
5,4,"multa quoque et bello passus, dum conderet urbem",0|mul|-|0|3|1|ta|u|3|2|2|quo|u|6|3|3|que-et|-|9|6|4|bel|-|16|3|5|lo|-|19|2|6|pas|-|22|3|7|sus|-|25|3|8|dum|-|30|3|9|con|-|34|3|10|de|u|37|2|11|ret|u|39|3|12|ur|-|43|2|13|bem|x|45|3
6,5,"inferretque deos Latio, genus unde Latinum,",0|in|-|0|2|1|fer|-|2|3|2|ret|-|5|3|3|que|u|8|3|4|de|u|12|2|5|os|-|14|2|6|La|u|17|2|7|ti|u|19|2|8|o|-|21|1|9|ge|u|24|2|10|nus|u|26|3|11|un|-|30|2|12|de|u|32|2|13|la|u|35|2|14|ti|-|37|2|15|num|x|39|3
7,6,"Albanique patres, atque altae moenia Romae.",0|Al|-|0|2|1|ba|-|2|2|2|ni|-|4|2|3|que|u|6|3|4|pa|u|10|2|5|tres|-|12|4|6|at|-|18|2|7|que-al|-|20|6|8|tae|-|26|3|9|moe|-|30|3|10|ni|u|33|2|11|a|u|35|1|12|Ro|-|37|2|13|mae|x|39|3
8,7,"Musa, mihi causas memora, quo numine laeso,",0|Mu|-|0|2|1|sa|u|2|2|2|mi|u|6|2|3|hi|-|8|2|4|cau|-|11|3|5|sas|-|14|3|6|me|u|18|2|7|mo|u|20|2|8|ra|-|22|2|9|quo|-|26|3|10|nu|-|30|2|11|mi|u|32|2|12|ne|u|34|2|13|lae|-|37|3|14|so|x|40|2
9,8,"quidve dolens, regina deum tot volvere casus",0|quid|-|0|4|1|ve|u|4|2|2|do|u|7|2|3|lens|-|9|4|4|re|-|15|2|5|gi|-|17|2|6|na|u|19|2|7|de|u|22|2|8|um|-|24|2|9|tot|-|27|3|10|vol|-|31|3|11|ve|u|34|2|12|re|u|36|2|13|ca|-|39|2|14|sus|x|41|3
10,9,"insignem pietate virum, tot adire labores",0|in|-|0|2|1|sig|-|2|3|2|nem|-|5|3|3|pi|u|9|2|4|e|u|11|1|5|ta|-|12|2|6|te|u|14|2|7|vi|u|17|2|8|rum|-|19|3|9|tot|u|24|3|10|a|u|28|1|11|di|-|29|2|12|re|u|31|2|13|la|u|34|2|14|bo|-|36|2|15|res|x|38|3
11,10,impulerit. tantaene animis caelestibus irae?,0|im|-|0|2|1|pu|u|2|2|2|le|u|4|2|3|rit|-|6|3|4|tan|-|11|3|5|tae|-|14|3|6|ne-a|u|17|4|7|ni|u|21|2|8|mis|-|23|3|9|cae|-|27|3|10|les|-|30|3|11|ti|u|33|2|12|bus|u|35|3|13|i|-|39|1|14|rae|x|40|3
12,11,"urbs antiqua fuit, Tyrii tenuere coloni,",0|Urbs|-|0|4|1|an|-|5|2|2|ti|-|7|2|3|qua|u|9|3|4|fu|u|13|2|5|it|-|15|2|6|Ty|u|19|2|7|ri|u|21|2|8|i|-|23|1|9|te|u|25|2|10|nu|u|27|2|11|e|-|29|1|12|re|u|30|2|13|co|u|33|2|14|lo|-|35|2|15|ni|x|37|2
13,12,"Karthago, Italiam contra Tiberinaque longe",0|Kar|-|0|3|1|tha|-|3|3|2|go-I|-|6|5|3|ta|u|11|2|4|li|u|13|2|5|am|-|15|2|6|con|-|18|3|7|tra|-|21|3|8|Ti|u|25|2|9|be|u|27|2|10|ri|-|29|2|11|na|u|31|2|12|que|u|33|3|13|lon|-|37|3|14|ge|x|40|2
14,13,"ostia, dives opum studiisque asperrima belli;",0|os|-|0|2|1|ti|u|2|2|2|a|u|4|1|3|di|-|7|2|4|ves|u|9|3|5|o|u|13|1|6|pum|-|14|3|7|stu|u|18|3|8|di|u|21|2|9|is|-|23|2|10|que-as|-|25|6|11|per|-|31|3|12|ri|u|34|2|13|ma|u|36|2|14|bel|-|39|3|15|li|x|42|2
15,14,quam Iuno fertur terris magis omnibus unam,0|quam|-|0|4|1|Iu|-|5|2|2|no|-|7|2|3|fer|-|10|3|4|tur|-|13|3|5|ter|-|17|3|6|ris|-|20|3|7|ma|u|24|2|8|gis|u|26|3|9|om|-|30|2|10|ni|u|32|2|11|bus|u|34|3|12|un|-|38|2|13|am|x|40|2
16,15,"posthabita coluisse Samo; hic illius arma,",0|post|-|0|4|1|ha|u|4|2|2|bi|u|6|2|3|ta|-|8|2|4|co|u|11|2|5|lu|u|13|2|6|is|-|15|2|7|se|u|17|2|8|Sa|u|20|2|9|mo|-|22|2|10|hic|-|26|3|11|il|-|30|2|12|li|u|32|2|13|us|u|34|2|14|ar|-|37|2|15|ma|x|39|2
17,16,"hic currus fuit; hoc regnum dea gentibus esse,",0|hic|-|0|3|1|cur|-|4|3|2|rus|-|7|3|3|fu|u|11|2|4|it|u|13|2|5|hoc|-|17|3|6|reg|-|21|3|7|num|-|24|3|8|de|u|28|2|9|a|u|30|1|10|gen|-|32|3|11|ti|u|35|2|12|bus|u|37|3|13|es|-|41|2|14|se|x|43|2
18,17,"si qua fata sinant, iam tum tenditque fovetque.",0|si|-|0|2|1|qua|-|3|3|2|fa|-|7|2|3|ta|u|9|2|4|si|u|12|2|5|nant|-|14|4|6|iam|-|20|3|7|tum|-|24|3|8|ten|-|28|3|9|dit|-|31|3|10|que|u|34|3|11|fo|u|38|2|12|vet|-|40|3|13|que|x|43|3
19,18,progeniem sed enim Troiano a sanguine duci,0|Pro|-|0|3|1|ge|u|3|2|2|ni|u|5|2|3|em|-|7|2|4|sed|u|10|3|5|e|u|14|1|6|nim|-|15|3|7|Tro|-|19|3|8|ia|-|22|2|9|no-a|-|24|4|10|san|-|29|3|11|gui|u|32|3|12|ne|u|35|2|13|du|-|38|2|14|ci|x|40|2
20,19,"audierat, Tyrias olim quae verteret arces;",0|Au|-|0|2|1|di|u|2|2|2|e|u|4|1|3|rat|-|5|3|4|Ty|u|10|2|5|ri|u|12|2|6|as|-|14|2|7|o|-|17|1|8|lim|-|18|3|9|quae|-|22|4|10|ver|-|27|3|11|te|u|30|2|12|ret|u|32|3|13|ar|-|36|2|14|ces|x|38|3
21,20,hinc populum late regem belloque superbum,0|hinc|-|0|4|1|po|u|5|2|2|pu|u|7|2|3|lum|-|9|3|4|la|-|13|2|5|te|-|15|2|6|re|-|18|2|7|gem|-|20|3|8|bel|-|24|3|9|lo|-|27|2|10|que|u|29|3|11|su|u|33|2|12|per|-|35|3|13|bum|x|38|3
22,21,venturum excidio Libyae: sic volvere Parcas.,0|Ven|-|0|3|1|tu|-|3|2|2|rum-ex|-|5|6|3|ci|u|11|2|4|di|u|13|2|5|o|-|15|1|6|Li|u|17|2|7|by|u|19|2|8|ae|-|21|2|9|sic|-|25|3|10|vol|-|29|3|11|ve|u|32|2|12|re|u|34|2|13|Par|-|37|3|14|cas|x|40|3
23,22,"Id metuens, veterisque memor Saturnia belli,",0|Id|-|0|2|1|me|u|3|2|2|tu|u|5|2|3|ens|-|7|3|4|ve|u|12|2|5|te|u|14|2|6|ris|-|16|3|7|que|u|19|3|8|me|u|23|2|9|mor|-|25|3|10|Sa|-|29|2|11|tur|-|31|3|12|ni|u|34|2|13|a|u|36|1|14|bel|-|38|3|15|li|x|41|2
24,23,prima quod ad Troiam pro caris gesserat Argis?,0|pri|-|0|3|1|ma|u|3|2|2|quod|u|6|4|3|ad|-|11|2|4|Tro|-|14|3|5|iam|-|17|3|6|pro|-|21|3|7|ca|-|25|2|8|ris|-|27|3|9|ges|-|31|3|10|se|u|34|2|11|rat|u|36|3|12|Ar|-|40|2|13|gis|x|42|3
25,24,necdum etiam causae irarum saevique dolores,0|nec|-|0|3|1|dum-e|u|3|5|2|ti|u|8|2|3|am|-|10|2|4|cau|-|13|3|5|sae-i|-|16|5|6|ra|-|21|2|7|rum|-|23|3|8|sae|-|27|3|9|vi|-|30|2|10|que|u|32|3|11|do|u|36|2|12|lo|-|38|2|13|res|x|40|3
26,25,exciderant animo: manet alta mente repostum,0|ex|-|0|2|1|ci|u|2|2|2|de|u|4|2|3|rant|-|6|4|4|a|u|11|1|5|ni|u|12|2|6|mo|-|14|2|7|ma|u|18|2|8|net|u|20|3|9|al|-|24|2|10|ta|-|26|2|11|men|-|29|3|12|te|u|32|2|13|re|u|35|2|14|pos|-|37|3|15|tum|x|40|3
27,26,"iudicium Paridis spretaeque iniuria formae,",0|iu|-|0|2|1|di|u|2|2|2|ci|u|4|2|3|um|-|6|2|4|Pa|u|9|2|5|ri|u|11|2|6|dis|-|13|3|7|spre|-|17|4|8|tae|-|21|3|9|que-in|-|24|6|10|iu|-|30|2|11|ri|u|32|2|12|a|u|34|1|13|for|-|36|3|14|mae|x|39|3
28,27,"et genus invisum, et rapti Ganymedis honores.",0|et|-|0|2|1|ge|u|3|2|2|nus|u|5|3|3|in|-|9|2|4|vi|-|11|2|5|sum-et|-|13|7|6|rap|-|21|3|7|ti|-|24|2|8|Ga|u|27|2|9|ny|u|29|2|10|me|-|31|2|11|dis|u|33|3|12|ho|u|37|2|13|no|-|39|2|14|res|x|41|3
29,28,"his accensa super, iactatos aequore toto",0|His|-|0|3|1|ac|-|4|2|2|cen|-|6|3|3|sa|u|9|2|4|su|u|12|2|5|per|-|14|3|6|iac|-|19|3|7|ta|-|22|2|8|tos|-|24|3|9|ae|-|28|2|10|quo|u|30|3|11|re|u|33|2|12|to|-|36|2|13|to|x|38|2
30,29,"Troas, reliquias Danaum atque immitis Achilli,",0|Tro|-|0|3|1|as|-|3|2|2|re|-|7|2|3|li|u|9|2|4|qui|u|11|3|5|as|-|14|2|6|Da|u|17|2|7|na|u|19|2|8|um-at|-|21|5|9|que-im|-|26|6|10|mi|-|32|2|11|tis|u|34|3|12|A|u|38|1|13|chil|-|39|4|14|li|x|43|2
31,30,"arcebat longe Latio, multosque per annos",0|ar|-|0|2|1|ce|-|2|2|2|bat|-|4|3|3|lon|-|8|3|4|ge|-|11|2|5|La|u|14|2|6|ti|u|16|2|7|o|-|18|1|8|mul|-|21|3|9|tos|-|24|3|10|que|u|27|3|11|per|u|31|3|12|an|-|35|2|13|nos|x|37|3
32,31,"errabant, acti fatis, maria omnia circum.",0|er|-|0|2|1|ra|-|2|2|2|bant|-|4|4|3|ac|-|10|2|4|ti|-|12|2|5|fa|-|15|2|6|tis|-|17|3|7|ma|u|22|2|8|ri|u|24|2|9|a-om|-|26|4|10|ni|u|30|2|11|a|u|32|1|12|cir|-|34|3|13|cum|x|37|3
33,32,tantae molis erat Romanam condere gentem!,0|Tan|-|0|3|1|tae|-|3|3|2|mo|-|7|2|3|lis|u|9|3|4|e|u|13|1|5|rat|-|14|3|6|Ro|-|18|2|7|ma|-|20|2|8|nam|-|22|3|9|con|-|26|3|10|de|u|29|2|11|re|u|31|2|12|gen|-|34|3|13|tem|x|37|3
34,33,vix e conspectu Siculae telluris in altum,0|Vix|-|0|3|1|e|-|4|1|2|con|-|6|3|3|spec|-|9|4|4|tu|-|13|2|5|si|u|16|2|6|cu|u|18|2|7|lae|-|20|3|8|tel|-|24|3|9|lu|-|27|2|10|ris|u|29|3|11|in|u|33|2|12|al|-|36|2|13|tum|x|38|3
35,34,"vela dabant laeti, et spumas salis aere ruebant,",0|ve|-|0|2|1|la|u|2|2|2|da|u|5|2|3|bant|-|7|4|4|lae|-|12|3|5|ti-et|-|15|6|6|spu|-|22|3|7|mas|-|25|3|8|sa|u|29|2|9|lis|u|31|3|10|ae|-|35|2|11|re|u|37|2|12|ru|u|40|2|13|e|-|42|1|14|bant|x|43|4
36,35,"cum Iuno, aeternum servans sub pectore vulnus,",0|cum|-|0|3|1|Iu|-|4|2|2|no-ae|-|6|6|3|ter|-|12|3|4|num|-|15|3|5|ser|-|19|3|6|vans|-|22|4|7|sub|-|27|3|8|pec|-|31|3|9|to|u|34|2|10|re|u|36|2|11|vul|-|39|3|12|nus|x|42|3
37,36,"haec secum: 'Mene incepto desistere victam,",0|haec|-|0|4|1|se|-|5|2|2|cum|-|7|3|3|Me|-|13|2|4|ne-in|-|15|5|5|cep|-|20|3|6|to|-|23|2|7|de|-|26|2|8|sis|-|28|3|9|te|u|31|2|10|re|u|33|2|11|vic|-|36|3|12|tam|x|39|3
38,37,nec posse Italia Teucrorum avertere regem?,0|nec|-|0|3|1|pos|-|4|3|2|se-I|-|7|4|3|ta|u|11|2|4|li|u|13|2|5|a|-|15|1|6|Teu|-|17|3|7|cro|-|20|3|8|rum-a|-|23|5|9|ver|-|28|3|10|te|u|31|2|11|re|u|33|2|12|re|-|36|2|13|gem|x|38|3
39,38,quippe vetor fatis. Pallasne exurere classem,0|Quip|-|0|4|1|pe|u|4|2|2|ve|u|7|2|3|tor|-|9|3|4|fa|-|13|2|5|tis|-|15|3|6|Pal|-|20|3|7|las|-|23|3|8|ne-ex|-|26|5|9|u|-|31|1|10|re|u|32|2|11|re|u|34|2|12|clas|-|37|4|13|sem|x|41|3
40,39,"Argivom atque ipsos potuit submergere ponto,",0|Ar|-|0|2|1|gi|-|2|2|2|vom-at|-|4|6|3|que-ip|-|10|6|4|sos|-|16|3|5|po|u|20|2|6|tu|u|22|2|7|it|-|24|2|8|sub|-|27|3|9|mer|-|30|3|10|ge|u|33|2|11|re|u|35|2|12|pon|-|38|3|13|to|x|41|2
41,40,unius ob noxam et furias Aiacis Oilei?,0|u|-|0|1|1|ni|u|1|2|2|us|u|3|2|3|ob|-|6|2|4|nox|-|9|3|5|am-et|-|12|5|6|fu|u|18|2|7|ri|u|20|2|8|as|-|22|2|9|A|-|25|1|10|ia|-|26|2|11|cis|u|28|3|12|o|u|32|1|13|i|-|33|1|14|lei|x|34|3
42,41,"ipsa, Iovis rapidum iaculata e nubibus ignem,",0|Ip|-|0|2|1|sa|u|2|2|2|io|u|6|2|3|vis|-|8|3|4|ra|u|12|2|5|pi|u|14|2|6|dum|-|16|3|7|ia|u|20|2|8|cu|u|22|2|9|la|-|24|2|10|ta-e|-|26|4|11|nu|-|31|2|12|bi|u|33|2|13|bus|u|35|3|14|ig|-|39|2|15|nem|x|41|3
43,42,"disiecitque rates evertitque aequora ventis,",0|dis|-|0|3|1|ie|-|3|2|2|cit|-|5|3|3|que|u|8|3|4|ra|u|12|2|5|tes|-|14|3|6|e|-|18|1|7|ver|-|19|3|8|tit|-|22|3|9|que-ae|-|25|6|10|quo|u|31|3|11|ra|u|34|2|12|ven|-|37|3|13|tis|x|40|3
44,43,illum expirantem transfixo pectore flammas,0|il|-|0|2|1|lum-ex|-|2|6|2|pi|-|8|2|3|ran|-|10|3|4|tem|-|13|3|5|trans|-|17|5|6|fix|-|22|3|7|o|-|25|1|8|pec|-|27|3|9|to|u|30|2|10|re|u|32|2|11|flam|-|35|4|12|mas|x|39|3
45,44,turbine corripuit scopuloque infixit acuto.,0|tur|-|0|3|1|bi|u|3|2|2|ne|u|5|2|3|cor|-|8|3|4|ri|u|11|2|5|pu|u|13|2|6|it|-|15|2|7|sco|u|18|3|8|pu|u|21|2|9|lo|-|23|2|10|que-in|-|25|6|11|fix|-|31|3|12|it|u|34|2|13|a|u|37|1|14|cu|-|38|2|15|to|x|40|2
46,45,"ast ego, quae divom incedo regina, Iovisque",0|Ast|-|0|3|1|e|u|4|1|2|go|u|5|2|3|quae|-|9|4|4|di|-|14|2|5|vom-in|-|16|6|6|ce|-|22|2|7|do|-|24|2|8|re|-|27|2|9|gi|-|29|2|10|na|u|31|2|11|Io|u|35|2|12|vis|-|37|3|13|que|x|40|3
47,46,"et soror et coniunx, una cum gente tot annos",0|et|-|0|2|1|so|u|3|2|2|ror|u|5|3|3|et|-|9|2|4|con|-|12|3|5|iunx|-|15|4|6|u|-|21|1|7|na|-|22|2|8|cum|-|25|3|9|gen|-|29|3|10|te|u|32|2|11|tot|u|35|3|12|an|-|39|2|13|nos|x|41|3
48,47,bella gero! Et quisquam numen Iunonis adoret,0|bel|-|0|3|1|la|u|3|2|2|ge|u|6|2|3|ro-et|-|8|6|4|quis|-|15|4|5|quam|-|19|4|6|nu|-|24|2|7|men|-|26|3|8|Iu|-|30|2|9|no|-|32|2|10|nis|u|34|3|11|a|u|38|1|12|do|-|39|2|13|ret|x|41|3
49,48,"praeterea, aut supplex aris imponet honorem?'",0|prae|-|0|4|1|te|u|4|2|2|re|u|6|2|3|a-aut|-|8|6|4|sup|-|15|3|5|plex|-|18|4|6|a|-|23|1|7|ris|-|24|3|8|im|-|28|2|9|po|-|30|2|10|net|u|32|3|11|ho|u|36|2|12|no|-|38|2|13|rem|x|40|3
50,49,talia flammato secum dea corde volutans,0|ta|-|0|2|1|li|u|2|2|2|a|u|4|1|3|flam|-|6|4|4|ma|-|10|2|5|to|-|12|2|6|se|-|15|2|7|cum|-|17|3|8|de|u|21|2|9|a|u|23|1|10|cor|-|25|3|11|de|u|28|2|12|vo|u|31|2|13|lu|-|33|2|14|tans|x|35|4
51,50,"nimborum in patriam, loca feta furentibus austris,",0|nim|-|0|3|1|bo|-|3|2|2|rum-in|-|5|6|3|pa|u|12|2|4|tri|u|14|3|5|am|-|17|2|6|lo|u|21|2|7|ca|u|23|2|8|fe|-|26|2|9|ta|u|28|2|10|fu|u|31|2|11|ren|-|33|3|12|ti|u|36|2|13|bus|u|38|3|14|aus|-|42|3|15|tris|x|45|4
52,51,Aeoliam venit. Hic vasto rex Aeolus antro,0|Ae|-|0|2|1|o|u|2|1|2|li|u|3|2|3|am|-|5|2|4|ve|u|8|2|5|nit|u|10|3|6|Hic|-|15|3|7|vas|-|19|3|8|to|-|22|2|9|rex|-|25|3|10|Ae|-|29|2|11|o|u|31|1|12|lus|u|32|3|13|an|-|36|2|14|tro|x|38|3
53,52,luctantes ventos tempestatesque sonoras,0|Luc|-|0|3|1|tan|-|3|3|2|tes|-|6|3|3|ven|-|10|3|4|tos|-|13|3|5|tem|-|17|3|6|pes|-|20|3|7|ta|-|23|2|8|tes|-|25|3|9|que|u|28|3|10|so|u|32|2|11|no|-|34|2|12|ras|x|36|3
54,53,imperio premit ac vinclis et carcere frenat.,0|im|-|0|2|1|pe|u|2|2|2|ri|u|4|2|3|o|-|6|1|4|pre|u|8|3|5|mit|u|11|3|6|ac|-|15|2|7|vin|-|18|3|8|clis|-|21|4|9|et|-|26|2|10|car|-|29|3|11|ce|u|32|2|12|re|u|34|2|13|fre|-|37|3|14|nat|x|40|3
55,54,illi indignantes magno cum murmure montis,0|il|-|0|2|1|li-in|-|2|5|2|dig|-|7|3|3|nan|-|10|3|4|tes|-|13|3|5|mag|-|17|3|6|no|-|20|2|7|cum|-|23|3|8|mur|-|27|3|9|mu|u|30|2|10|re|u|32|2|11|mon|-|35|3|12|tis|x|38|3
56,55,circum claustra fremunt; celsa sedet Aeolus arce,0|cir|-|0|3|1|cum|-|3|3|2|claus|-|7|5|3|tra|u|12|3|4|fre|u|16|3|5|munt|-|19|4|6|cel|-|25|3|7|sa|-|28|2|8|se|u|31|2|9|det|u|33|3|10|Ae|-|37|2|11|o|u|39|1|12|lus|u|40|3|13|ar|-|44|2|14|ce|x|46|2
57,56,"sceptra tenens, mollitque animos et temperat iras.",0|scep|-|0|4|1|tra|u|4|3|2|te|u|8|2|3|nens|-|10|4|4|mol|-|16|3|5|lit|-|19|3|6|que-a|u|22|5|7|ni|u|27|2|8|mos|-|29|3|9|et|-|33|2|10|tem|-|36|3|11|pe|u|39|2|12|rat|u|41|3|13|i|-|45|1|14|ras|x|46|3
58,57,"ni faciat, maria ac terras caelumque profundum",0|ni|-|0|2|1|fa|u|3|2|2|ci|u|5|2|3|at|-|7|2|4|ma|u|11|2|5|ri|u|13|2|6|a-ac|-|15|4|7|ter|-|20|3|8|ras|-|23|3|9|cae|-|27|3|10|lum|-|30|3|11|que|u|33|3|12|pro|u|37|3|13|fun|-|40|3|14|dum|x|43|3
59,58,quippe ferant rapidi secum verrantque per auras.,0|quip|-|0|4|1|pe|u|4|2|2|fe|u|7|2|3|rant|-|9|4|4|ra|u|14|2|5|pi|u|16|2|6|di|-|18|2|7|se|-|21|2|8|cum|-|23|3|9|ver|-|27|3|10|rant|-|30|4|11|que|u|34|3|12|per|u|38|3|13|aur|-|42|3|14|as|x|45|2
60,59,"sed pater omnipotens speluncis abdidit atris,",0|sed|-|0|3|1|pa|u|4|2|2|ter|u|6|3|3|om|-|10|2|4|ni|u|12|2|5|po|u|14|2|6|tens|-|16|4|7|spe|-|21|3|8|lun|-|24|3|9|cis|-|27|3|10|ab|-|31|2|11|di|u|33|2|12|dit|u|35|3|13|a|-|39|1|14|tris|x|40|4
61,60,"hoc metuens, molemque et montis insuper altos",0|hoc|-|0|3|1|me|u|4|2|2|tu|u|6|2|3|ens|-|8|3|4|mo|-|13|2|5|lem|-|15|3|6|que-et|-|18|6|7|mon|-|25|3|8|tis|-|28|3|9|in|-|32|2|10|su|u|34|2|11|per|u|36|3|12|al|-|40|2|13|tos|x|42|3
62,61,"imposuit, regemque dedit, qui foedere certo",0|im|-|0|2|1|po|u|2|2|2|su|u|4|2|3|it|-|6|2|4|re|-|10|2|5|gem|-|12|3|6|que|u|15|3|7|de|u|19|2|8|dit|-|21|3|9|qui|-|26|3|10|foe|-|30|3|11|de|u|33|2|12|re|u|35|2|13|cer|-|38|3|14|to|x|41|2
63,62,et premere et laxas sciret dare iussus habenas.,0|et|-|0|2|1|pre|u|3|3|2|me|u|6|2|3|re-et|-|8|5|4|lax|-|14|3|5|as|-|17|2|6|sci|-|20|3|7|ret|-|23|3|8|da|u|27|2|9|re|u|29|2|10|ius|-|32|3|11|sus|u|35|3|12|ha|u|39|2|13|be|-|41|2|14|nas|x|43|3
64,63,ad quem tum Iuno supplex his vocibus usa est:,0|ad|-|0|2|1|quem|-|3|4|2|tum|-|8|3|3|Iu|-|12|2|4|no|-|14|2|5|sup|-|17|3|6|plex|-|20|4|7|his|-|25|3|8|vo|-|29|2|9|ci|u|31|2|10|bus|u|33|3|11|u|-|37|1|12|sa-est|x|38|6
65,64,"Aeole, namque tibi divum pater atque hominum rex",0|Ae|-|0|2|1|o|u|2|1|2|le|u|3|2|3|nam|-|7|3|4|que|u|10|3|5|ti|u|14|2|6|bi|-|16|2|7|di|-|19|2|8|vum|-|21|3|9|pa|u|25|2|10|ter|u|27|3|11|at|-|31|2|12|que-ho|u|33|6|13|mi|u|39|2|14|num|-|41|3|15|rex|x|45|3
66,65,"et mulcere dedit fluctus et tollere vento,",0|et|-|0|2|1|mul|-|3|3|2|ce|-|6|2|3|re|u|8|2|4|de|u|11|2|5|dit|-|13|3|6|fluc|-|17|4|7|tus|-|21|3|8|et|-|25|2|9|tol|-|28|3|10|le|u|31|2|11|re|u|33|2|12|ven|-|36|3|13|to|x|39|2
67,66,"gens inimica mihi Tyrrhenum navigat aequor,",0|gens|-|0|4|1|i|u|5|1|2|ni|u|6|2|3|mi|-|8|2|4|ca|u|10|2|5|mi|u|13|2|6|hi|-|15|2|7|Tyr|-|18|3|8|rhe|-|21|3|9|num|-|24|3|10|na|-|28|2|11|vi|u|30|2|12|gat|u|32|3|13|ae|-|36|2|14|quor|x|38|4
68,67,Ilium in Italiam portans victosque Penates:,0|i|-|0|1|1|li|u|1|2|2|um-in|u|3|5|3|I|-|9|1|4|ta|u|10|2|5|li|u|12|2|6|am|-|14|2|7|por|-|17|3|8|tans|-|20|4|9|vic|-|25|3|10|tos|-|28|3|11|que|u|31|3|12|Pe|u|35|2|13|na|-|37|2|14|tes|x|39|3
69,68,"incute vim ventis submersasque obrue puppes,",0|in|-|0|2|1|cu|u|2|2|2|te|u|4|2|3|vim|-|7|3|4|ven|-|11|3|5|tis|-|14|3|6|sub|-|18|3|7|mer|-|21|3|8|sas|-|24|3|9|que-ob|-|27|6|10|ru|u|33|2|11|e|u|35|1|12|pup|-|37|3|13|pes|x|40|3
70,69,aut age diversos et disiice corpora ponto.,0|aut|-|0|3|1|a|u|4|1|2|ge|u|5|2|3|di|-|8|2|4|ver|-|10|3|5|sos|-|13|3|6|et|-|17|2|7|dis|-|20|3|8|ii|u|23|2|9|ce|u|25|2|10|cor|-|28|3|11|po|u|31|2|12|ra|u|33|2|13|pon|-|36|3|14|to|x|39|2
71,70,"sunt mihi bis septem praestanti corpore nymphae,",0|sunt|-|0|4|1|mi|u|5|2|2|hi|u|7|2|3|bis|-|10|3|4|sep|-|14|3|5|tem|-|17|3|6|prae|-|21|4|7|stan|-|25|4|8|ti|-|29|2|9|cor|-|32|3|10|po|u|35|2|11|re|u|37|2|12|nym|-|40|3|13|phae|x|43|4
72,71,"quarum quae forma pulcherrima Deiopea,",0|Qua|-|0|3|1|rum|-|3|3|2|quae|-|7|4|3|for|-|12|3|4|ma|-|15|2|5|pul|-|18|3|6|cher|-|21|4|7|ri|u|25|2|8|ma|u|27|2|9|De|-|30|2|10|i|u|32|1|11|o|u|33|1|12|pe|-|34|2|13|a|x|36|1
73,72,"conubio iungam stabili propriamque dicabo,",0|co|-|0|2|1|nu|u|2|2|2|bi|u|4|2|3|o|-|6|1|4|iun|-|8|3|5|gam|-|11|3|6|sta|u|15|3|7|bi|u|18|2|8|li|-|20|2|9|pro|u|23|3|10|pri|u|26|3|11|am|-|29|2|12|que|u|31|3|13|di|u|35|2|14|ca|-|37|2|15|bo|x|39|2
74,73,omnis ut tecum meritis pro talibus annos,0|om|-|0|2|1|nis|-|2|3|2|ut|-|6|2|3|te|-|9|2|4|cum|-|11|3|5|me|u|15|2|6|ri|u|17|2|7|tis|-|19|3|8|pro|-|23|3|9|ta|-|27|2|10|li|u|29|2|11|bus|u|31|3|12|an|-|35|2|13|nos|x|37|3
75,74,"exigat, et pulchra faciat te prole parentem.'",0|ex|-|0|2|1|i|u|2|1|2|gat|u|3|3|3|et|-|8|2|4|pul|-|11|3|5|chra|-|14|4|6|fa|u|19|2|7|ci|u|21|2|8|at|-|23|2|9|te|-|26|2|10|pro|-|29|3|11|le|u|32|2|12|pa|u|35|2|13|ren|-|37|3|14|tem|x|40|3
76,75,"Aeolus haec contra: 'Tuus, O regina, quid optes",0|Ae|-|0|2|1|o|u|2|1|2|lus|u|3|3|3|haec|-|7|4|4|con|-|12|3|5|tra|-|15|3|6|Tu|u|21|2|7|us|u|23|2|8|O|-|27|1|9|re|-|29|2|10|gi|-|31|2|11|na|u|33|2|12|quid|u|37|4|13|op|-|42|2|14|tes|x|44|3
77,76,explorare labor; mihi iussa capessere fas est.,0|ex|-|0|2|1|plo|-|2|3|2|ra|-|5|2|3|re|u|7|2|4|la|u|10|2|5|bor|-|12|3|6|mi|u|17|2|7|hi|u|19|2|8|ius|-|22|3|9|sa|u|25|2|10|ca|u|28|2|11|pes|-|30|3|12|se|u|33|2|13|re|u|35|2|14|fas|-|38|3|15|est|x|42|3
78,77,"tu mihi, quodcumque hoc regni, tu sceptra Iovemque",0|tu|-|0|2|1|mi|u|3|2|2|hi|u|5|2|3|quod|-|9|4|4|cum|-|13|3|5|que-hoc|-|16|7|6|reg|-|24|3|7|ni|-|27|2|8|tu|-|31|2|9|scep|-|34|4|10|tra|-|38|3|11|io|u|42|2|12|vem|u|44|3|13|que|x|47|3
79,78,"concilias, tu das epulis accumbere divom,",0|con|-|0|3|1|ci|u|3|2|2|li|u|5|2|3|as|-|7|2|4|tu|-|11|2|5|das|-|14|3|6|e|u|18|1|7|pu|u|19|2|8|lis|-|21|3|9|ac|-|25|2|10|cum|-|27|3|11|be|u|30|2|12|re|u|32|2|13|div|-|35|3|14|om|x|38|2
80,79,nimborumque facis tempestatumque potentem.',0|nim|-|0|3|1|bo|-|3|2|2|rum|-|5|3|3|que|u|8|3|4|fa|u|12|2|5|cis|-|14|3|6|tem|-|18|3|7|pes|-|21|3|8|ta|-|24|2|9|tum|-|26|3|10|que|u|29|3|11|po|u|33|2|12|ten|-|35|3|13|tem|x|38|3
81,80,"haec ubi dicta, cavum conversa cuspide montem",0|haec|-|0|4|1|u|u|5|1|2|bi|u|6|2|3|dic|-|9|3|4|ta|u|12|2|5|ca|u|16|2|6|vum|-|18|3|7|con|-|22|3|8|ver|-|25|3|9|sa|-|28|2|10|cus|-|31|3|11|pi|u|34|2|12|de|u|36|2|13|mon|-|39|3|14|tem|x|42|3
82,81,"impulit in latus: ac venti, velut agmine facto,",0|im|-|0|2|1|pu|u|2|2|2|lit|u|4|3|3|in|-|8|2|4|la|u|11|2|5|tus|u|13|3|6|ac|-|18|2|7|ven|-|21|3|8|ti|-|24|2|9|ve|u|28|2|10|lut|u|30|3|11|ag|-|34|2|12|mi|u|36|2|13|ne|u|38|2|14|fac|-|41|3|15|to|x|44|2
83,82,"qua data porta, ruunt et terras turbine perflant.",0|qua|-|0|3|1|da|u|4|2|2|ta|u|6|2|3|por|-|9|3|4|ta|u|12|2|5|ru|u|16|2|6|unt|-|18|3|7|et|-|22|2|8|ter|-|25|3|9|ras|-|28|3|10|tur|-|32|3|11|bi|u|35|2|12|ne|u|37|2|13|per|-|40|3|14|flant|x|43|5
84,83,"incubuere mari, totumque a sedibus imis",0|in|-|0|2|1|cu|u|2|2|2|bu|u|4|2|3|e|-|6|1|4|re|u|7|2|5|ma|u|10|2|6|ri|-|12|2|7|to|-|16|2|8|tum|-|18|3|9|que-a|-|21|5|10|se|-|27|2|11|di|u|29|2|12|bus|u|31|3|13|im|-|35|2|14|is|x|37|2
85,84,una Eurusque Notusque ruunt creberque procellis,0|un|-|0|2|1|a-Eu|-|2|4|2|rus|-|6|3|3|que|u|9|3|4|no|u|13|2|5|tus|-|15|3|6|que|u|18|3|7|ru|u|22|2|8|unt|-|24|3|9|cre|-|28|3|10|ber|-|31|3|11|que|u|34|3|12|pro|u|38|3|13|cel|-|41|3|14|lis|x|44|3
86,85,"Africus, et vastos volvunt ad litora fluctus.",0|A|-|0|1|1|fri|u|1|3|2|cus|u|4|3|3|et|-|9|2|4|vas|-|12|3|5|tos|-|15|3|6|vol|-|19|3|7|vunt|-|22|4|8|ad|-|27|2|9|li|-|30|2|10|to|u|32|2|11|ra|u|34|2|12|fluc|-|37|4|13|tus|x|41|3
87,86,insequitur clamorque virum stridorque rudentum.,0|in|-|0|2|1|se|u|2|2|2|qui|u|4|3|3|tur|-|7|3|4|cla|-|11|3|5|mor|-|14|3|6|que|u|17|3|7|vi|u|21|2|8|rum|-|23|3|9|stri|-|27|4|10|dor|-|31|3|11|que|u|34|3|12|ru|u|38|2|13|den|-|40|3|14|tum|x|43|3
88,87,eripiunt subito nubes caelumque diemque,0|e|-|0|1|1|ri|u|1|2|2|pi|u|3|2|3|unt|-|5|3|4|su|u|9|2|5|bi|u|11|2|6|to|-|13|2|7|nu|-|16|2|8|bes|-|18|3|9|cae|-|22|3|10|lum|-|25|3|11|que|u|28|3|12|di|u|32|2|13|em|-|34|2|14|que|x|36|3
89,88,Teucrorum ex oculis; ponto nox incubat atra,0|Teu|-|0|3|1|cro|-|3|3|2|rum-ex|-|6|6|3|o|u|13|1|4|cu|u|14|2|5|lis|-|16|3|6|pon|-|21|3|7|to|-|24|2|8|nox|-|27|3|9|in|-|31|2|10|cu|u|33|2|11|bat|u|35|3|12|at|-|39|2|13|ra|x|41|2
90,89,"intonuere poli, et crebris micat ignibus aether,",0|in|-|0|2|1|to|u|2|2|2|nu|u|4|2|3|e|-|6|1|4|re|u|7|2|5|po|u|10|2|6|li-et|-|12|6|7|cre|-|19|3|8|bris|-|22|4|9|mi|u|27|2|10|cat|u|29|3|11|ig|-|33|2|12|ni|u|35|2|13|bus|u|37|3|14|ae|-|41|2|15|ther|x|43|4
91,90,praesentemque viris intentant omnia mortem.,0|prae|-|0|4|1|sen|-|4|3|2|tem|-|7|3|3|que|u|10|3|4|vi|u|14|2|5|ris|-|16|3|6|in|-|20|2|7|ten|-|22|3|8|tant|-|25|4|9|om|-|30|2|10|ni|u|32|2|11|a|u|34|1|12|mor|-|36|3|13|tem|x|39|3
92,91,extemplo Aeneae solvuntur frigore membra:,0|ex|-|0|2|1|tem|-|2|3|2|plo-Ae|-|5|6|3|ne|-|11|2|4|ae|-|13|2|5|sol|-|16|3|6|vun|-|19|3|7|tur|-|22|3|8|fri|-|26|3|9|go|u|29|2|10|re|u|31|2|11|mem|-|34|3|12|bra|x|37|3
93,92,"ingemit, et duplices tendens ad sidera palmas",0|in|-|0|2|1|ge|u|2|2|2|mit|u|4|3|3|et|-|9|2|4|dup|u|12|3|5|li|u|15|2|6|ces|-|17|3|7|ten|-|21|3|8|dens|-|24|4|9|ad|-|29|2|10|si|-|32|2|11|de|u|34|2|12|ra|u|36|2|13|pal|-|39|3|14|mas|x|42|3
94,93,"talia voce refert: 'O terque quaterque beati,",0|ta|-|0|2|1|li|u|2|2|2|a|u|4|1|3|vo|-|6|2|4|ce|u|8|2|5|re|u|11|2|6|fert|-|13|4|7|O|-|20|1|8|ter|-|22|3|9|que|u|25|3|10|qua|u|29|3|11|ter|-|32|3|12|que|u|35|3|13|be|u|39|2|14|a|-|41|1|15|ti|x|42|2
95,94,quis ante ora patrum Troiae sub moenibus altis,0|quis|-|0|4|1|an|-|5|2|2|te-o|-|7|4|3|ra|u|11|2|4|pa|u|14|2|5|trum|-|16|4|6|Tro|-|21|3|7|iae|-|24|3|8|sub|-|28|3|9|moe|-|32|3|10|ni|u|35|2|11|bus|u|37|3|12|al|-|41|2|13|tis|x|43|3
96,95,contigit oppetere! O Danaum fortissime gentis,0|con|-|0|3|1|ti|u|3|2|2|git|u|5|3|3|op|-|9|2|4|pe|u|11|2|5|te|u|13|2|6|re-O|-|15|5|7|da|u|21|2|8|na|u|23|2|9|um|-|25|2|10|for|-|28|3|11|tis|-|31|3|12|sim|u|34|3|13|e|u|37|1|14|gen|-|39|3|15|tis|x|42|3
97,96,Tydide! Mene Iliacis occumbere campis,0|Ty|-|0|2|1|di|-|2|2|2|de|-|4|2|3|Me|-|8|2|4|ne-i|-|10|4|5|li|u|14|2|6|a|u|16|1|7|cis|-|17|3|8|oc|-|21|2|9|cum|-|23|3|10|ber|u|26|3|11|e|u|29|1|12|cam|-|31|3|13|pis|x|34|3
98,97,"non potuisse, tuaque animam hanc effundere dextra,",0|non|-|0|3|1|po|u|4|2|2|tu|u|6|2|3|is|-|8|2|4|se|u|10|2|5|tu|u|14|2|6|a|-|16|1|7|que-a|u|17|5|8|ni|u|22|2|9|mam-hanc|-|24|8|10|ef|-|33|2|11|fun|-|35|3|12|de|u|38|2|13|re|u|40|2|14|dex|-|43|3|15|tra|x|46|3
99,98,"saevus ubi Aeacidae telo iacet Hector, ubi ingens",0|sae|-|0|3|1|vus|u|3|3|2|u|u|7|1|3|bi-Ae|-|8|5|4|a|u|13|1|5|ci|u|14|2|6|dae|-|16|3|7|te|-|20|2|8|lo|-|22|2|9|ia|u|25|2|10|cet|u|27|3|11|Hec|-|31|3|12|tor|u|34|3|13|u|u|39|1|14|bi-in|-|40|5|15|gens|x|45|4
100,99,"Sarpedon, ubi tot Simois correpta sub undis",0|Sar|-|0|3|1|pe|-|3|2|2|don|-|5|3|3|u|u|10|1|4|bi|u|11|2|5|tot|-|14|3|6|Si|u|18|2|7|mo|u|20|2|8|is|-|22|2|9|cor|-|25|3|10|rep|-|28|3|11|ta|u|31|2|12|sub|u|34|3|13|un|-|38|2|14|dis|x|40|3
101,100,scuta virum galeasque et fortia corpora volvit?',0|scu|-|0|3|1|ta|u|3|2|2|vi|u|6|2|3|rum|-|8|3|4|ga|u|12|2|5|le|u|14|2|6|as|-|16|2|7|que-et|-|18|6|8|for|-|25|3|9|ti|u|28|2|10|a|u|30|1|11|cor|-|32|3|12|po|u|35|2|13|ra|u|37|2|14|vol|-|40|3|15|vit|x|43|3
102,101,talia iactanti stridens Aquilone procella,0|ta|-|0|2|1|li|u|2|2|2|a|u|4|1|3|iac|-|6|3|4|tan|-|9|3|5|ti|-|12|2|6|stri|-|15|4|7|dens|-|19|4|8|A|u|24|1|9|qui|u|25|3|10|lo|-|28|2|11|ne|u|30|2|12|pro|u|33|3|13|cel|-|36|3|14|la|x|39|2
103,102,"velum adversa ferit, fluctusque ad sidera tollit.",0|Ve|-|0|2|1|lum-ad|-|2|6|2|ver|-|8|3|3|sa|u|11|2|4|fe|u|14|2|5|rit|-|16|3|6|fluc|-|21|4|7|tus|-|25|3|8|que-ad|-|28|6|9|si|-|35|2|10|de|u|37|2|11|ra|u|39|2|12|tol|-|42|3|13|lit|x|45|3
104,103,"franguntur remi; tum prora avertit, et undis",0|fran|-|0|4|1|gun|-|4|3|2|tur|-|7|3|3|re|-|11|2|4|mi|-|13|2|5|tum|-|17|3|6|pro|-|21|3|7|ra-a|-|24|4|8|ver|-|28|3|9|tit|u|31|3|10|et|u|36|2|11|un|-|39|2|12|dis|x|41|3
105,104,dat latus; insequitur cumulo praeruptus aquae mons.,0|Dat|-|0|3|1|la|u|4|2|2|tus|u|6|3|3|in|-|11|2|4|se|u|13|2|5|qui|u|15|3|6|tur|-|18|3|7|cu|u|22|2|8|mu|u|24|2|9|lo|-|26|2|10|prae|-|29|4|11|rup|-|33|3|12|tus|u|36|3|13|a|u|40|1|14|quae|-|41|4|15|mons|x|46|4
106,105,hi summo in fluctu pendent; his unda dehiscens,0|hi|-|0|2|1|sum|-|3|3|2|mo-in|-|6|5|3|fluc|-|12|4|4|tu|-|16|2|5|pen|-|19|3|6|dent|-|22|4|7|his|-|28|3|8|un|-|32|2|9|da|u|34|2|10|de|u|37|2|11|his|-|39|3|12|cens|x|42|4
107,106,terram inter fluctus aperit; furit aestus harenis.,0|ter|-|0|3|1|ram-in|-|3|6|2|ter|-|9|3|3|fluc|-|13|4|4|tus|-|17|3|5|a|u|21|1|6|pe|u|22|2|7|rit|-|24|3|8|fu|u|29|2|9|rit|u|31|3|10|aes|-|35|3|11|tus|u|38|3|12|ha|u|42|2|13|re|-|44|2|14|nis|x|46|3
108,107,tres Notus abreptas in saxa latentia torquet,0|tres|-|0|4|1|no|u|5|2|2|tus|u|7|3|3|ab|-|11|2|4|rep|-|13|3|5|tas|-|16|3|6|in|-|20|2|7|sax|-|23|3|8|a|u|26|1|9|la|u|28|2|10|ten|-|30|3|11|ti|u|33|2|12|a|u|35|1|13|tor|-|37|3|14|quet|x|40|4
109,108,saxa vocant Itali mediis quae in fluctibus aras,0|sax|-|0|3|1|a|u|3|1|2|vo|u|5|2|3|cant|-|7|4|4|I|u|12|1|5|ta|u|13|2|6|li|-|15|2|7|me|u|18|2|8|di|u|20|2|9|is|-|22|2|10|quae-in|-|25|7|11|fluc|-|33|4|12|ti|u|37|2|13|bus|u|39|3|14|ar|-|43|2|15|as|x|45|2
110,109,dorsum immane mari summo; tres Eurus ab alto,0|dor|-|0|3|1|sum-im|-|3|6|2|ma|-|9|2|3|ne|u|11|2|4|ma|u|14|2|5|ri|-|16|2|6|sum|-|19|3|7|mo|-|22|2|8|tres|-|26|4|9|Eu|-|31|2|10|rus|u|33|3|11|ab|u|37|2|12|al|-|40|2|13|to|x|42|2
111,110,"in brevia et syrtes urget, miserabile visu,",0|in|-|0|2|1|bre|u|3|3|2|vi|u|6|2|3|a-et|-|8|4|4|syr|-|13|3|5|tes|-|16|3|6|ur|-|20|2|7|get|-|22|3|8|mi|u|27|2|9|se|u|29|2|10|ra|-|31|2|11|bi|u|33|2|12|le|u|35|2|13|vi|-|38|2|14|su|x|40|2
112,111,inliditque vadis atque aggere cingit harenae.,0|in|-|0|2|1|li|-|2|2|2|dit|-|4|3|3|que|u|7|3|4|va|u|11|2|5|dis|-|13|3|6|at|-|17|2|7|que-ag|-|19|6|8|ge|u|25|2|9|re|u|27|2|10|cin|-|30|3|11|git|u|33|3|12|ha|u|37|2|13|re|-|39|2|14|nae|x|41|3
113,112,"unam, quae Lycios fidumque vehebat Oronten,",0|u|-|0|1|1|nam|-|1|3|2|quae|-|6|4|3|Ly|u|11|2|4|ci|u|13|2|5|os|-|15|2|6|fi|-|18|2|7|dum|-|20|3|8|que|u|23|3|9|ve|u|27|2|10|he|-|29|2|11|bat|u|31|3|12|O|u|35|1|13|ron|-|36|3|14|ten|x|39|3
114,113,ipsius ante oculos ingens a vertice pontus,0|ip|-|0|2|1|si|u|2|2|2|us|u|4|2|3|an|-|7|2|4|te-o|u|9|4|5|cu|u|13|2|6|los|-|15|3|7|in|-|19|2|8|gens|-|21|4|9|a|-|26|1|10|ver|-|28|3|11|ti|u|31|2|12|ce|u|33|2|13|pon|-|36|3|14|tus|x|39|3
115,114,in puppim ferit: excutitur pronusque magister,0|in|-|0|2|1|pup|-|3|3|2|pim|-|6|3|3|fe|u|10|2|4|rit|u|12|3|5|ex|-|17|2|6|cu|u|19|2|7|ti|u|21|2|8|tur|-|23|3|9|pro|-|27|3|10|nus|-|30|3|11|que|u|33|3|12|ma|u|37|2|13|gis|-|39|3|14|ter|x|42|3
116,115,volvitur in caput; ast illam ter fluctus ibidem,0|vol|-|0|3|1|vi|u|3|2|2|tur|u|5|3|3|in|-|9|2|4|ca|u|12|2|5|put|u|14|3|6|ast|-|19|3|7|il|-|23|2|8|lam|-|25|3|9|ter|-|29|3|10|fluc|-|33|4|11|tus|u|37|3|12|i|u|41|1|13|bi|-|42|2|14|dem|x|44|3
117,116,"torquet agens circum, et rapidus vorat aequore vortex.",0|tor|-|0|3|1|quet|u|3|4|2|a|u|8|1|3|gens|-|9|4|4|cir|-|14|3|5|cum-et|-|17|7|6|ra|u|25|2|7|pi|u|27|2|8|dus|-|29|3|9|vo|u|33|2|10|rat|u|35|3|11|ae|-|39|2|12|quo|u|41|3|13|re|u|44|2|14|vor|-|47|3|15|tex|x|50|3
118,117,"adparent rari nantes in gurgite vasto,",0|ad|-|0|2|1|pa|-|2|2|2|rent|-|4|4|3|ra|-|9|2|4|ri|-|11|2|5|nan|-|14|3|6|tes|-|17|3|7|in|-|21|2|8|gur|-|24|3|9|gi|u|27|2|10|te|u|29|2|11|vas|-|32|3|12|to|x|35|2
119,118,"arma virum, tabulaeque, et Troia gaza per undas.",0|ar|-|0|2|1|ma|u|2|2|2|vi|u|5|2|3|rum|-|7|3|4|ta|u|12|2|5|bu|u|14|2|6|lae|-|16|3|7|que-et|-|19|7|8|Tro|-|27|3|9|i|u|30|1|10|a|u|31|1|11|gaz|-|33|3|12|a|u|36|1|13|per|u|38|3|14|un|-|42|2|15|das|x|44|3
120,119,"iam validam Ilionei navem, iam fortis Achati,",0|iam|-|0|3|1|va|u|4|2|2|li|u|6|2|3|dam-I|-|8|5|4|li|u|13|2|5|o|u|15|1|6|nei|-|16|3|7|na|-|20|2|8|vem|-|22|3|9|iam|-|27|3|10|for|-|31|3|11|tis|u|34|3|12|A|u|38|1|13|cha|-|39|3|14|ti|x|42|2
121,120,"et qua vectus Abas, et qua grandaevus Aletes,",0|Et|-|0|2|1|qua|-|3|3|2|vec|-|7|3|3|tus|u|10|3|4|A|u|14|1|5|bas|-|15|3|6|et|-|20|2|7|qua|-|23|3|8|gran|-|27|4|9|dae|-|31|3|10|vus|u|34|3|11|A|u|38|1|12|le|-|39|2|13|tes|x|41|3
122,121,vicit hiems; laxis laterum compagibus omnes,0|vi|-|0|2|1|cit|u|2|3|2|hi|u|6|2|3|ems|-|8|3|4|lax|-|13|3|5|is|-|16|2|6|la|u|19|2|7|te|u|21|2|8|rum|-|23|3|9|com|-|27|3|10|pa|-|30|2|11|gi|u|32|2|12|bus|u|34|3|13|om|-|38|2|14|nes|x|40|3
123,122,"accipiunt inimicum imbrem, rimisque fatiscunt.",0|ac|-|0|2|1|ci|u|2|2|2|pi|u|4|2|3|unt|-|6|3|4|i|u|10|1|5|ni|u|11|2|6|mi|-|13|2|7|cum-im|-|15|6|8|brem|-|21|4|9|ri|-|27|2|10|mis|-|29|3|11|que|u|32|3|12|fa|u|36|2|13|tis|-|38|3|14|cunt|x|41|4
124,123,"interea magno misceri murmure pontum,",0|in|-|0|2|1|te|u|2|2|2|re|u|4|2|3|a|-|6|1|4|mag|-|8|3|5|no|-|11|2|6|mis|-|14|3|7|ce|-|17|2|8|ri|-|19|2|9|mur|-|22|3|10|mu|u|25|2|11|re|u|27|2|12|pon|-|30|3|13|tum|x|33|3
125,124,"emissamque hiemem sensit Neptunus, et imis",0|e|-|0|1|1|mis|-|1|3|2|sam|-|4|3|3|que-hi|u|7|6|4|e|u|13|1|5|mem|-|14|3|6|sen|-|18|3|7|sit|-|21|3|8|Nep|-|25|3|9|tu|-|28|2|10|nus|u|30|3|11|et|u|35|2|12|i|-|38|1|13|mis|x|39|3
126,125,"stagna refusa vadis, graviter commotus; et alto",0|stag|-|0|4|1|na|u|4|2|2|re|u|7|2|3|fu|-|9|2|4|sa|u|11|2|5|va|u|14|2|6|dis|-|16|3|7|gra|u|21|3|8|vi|u|24|2|9|ter|-|26|3|10|com|-|30|3|11|mo|-|33|2|12|tus|u|35|3|13|et|u|40|2|14|al|-|43|2|15|to|x|45|2
127,126,"prospiciens, summa placidum caput extulit unda.",0|pros|-|0|4|1|pi|u|4|2|2|ci|u|6|2|3|ens|-|8|3|4|sum|-|13|3|5|ma|-|16|2|6|pla|u|19|3|7|ci|u|22|2|8|dum|-|24|3|9|ca|u|28|2|10|put|u|30|3|11|ex|-|34|2|12|tu|u|36|2|13|lit|u|38|3|14|un|-|42|2|15|da|x|44|2
128,127,"disiectam Aeneae, toto videt aequore classem,",0|dis|-|0|3|1|iec|-|3|3|2|tam-Ae|-|6|6|3|ne|-|12|2|4|ae|-|14|2|5|to|-|18|2|6|to|-|20|2|7|vi|u|23|2|8|det|u|25|3|9|ae|-|29|2|10|quo|u|31|3|11|re|u|34|2|12|clas|-|37|4|13|sem|x|41|3
129,128,"fluctibus oppressos Troas caelique ruina,",0|fluc|-|0|4|1|ti|u|4|2|2|bus|u|6|3|3|op|-|10|2|4|pres|-|12|4|5|sos|-|16|3|6|Tro|-|20|3|7|as|-|23|2|8|cae|-|26|3|9|li|-|29|2|10|que|u|31|3|11|ru|u|35|2|12|i|-|37|1|13|na|x|38|2
130,129,nec latuere doli fratrem Iunonis et irae,0|nec|-|0|3|1|la|u|4|2|2|tu|u|6|2|3|e|-|8|1|4|re|u|9|2|5|do|u|12|2|6|li|-|14|2|7|fra|-|17|3|8|trem|-|20|4|9|Iu|-|25|2|10|no|-|27|2|11|nis|u|29|3|12|et|u|33|2|13|i|-|36|1|14|rae|x|37|3
131,130,"Eurum ad se Zephyrumque vocat, dehinc talia fatur:",0|Eu|-|0|2|1|rum-ad|-|2|6|2|se|-|9|2|3|Ze|u|12|2|4|phy|u|14|3|5|rum|-|17|3|6|que|u|20|3|7|vo|u|24|2|8|cat|-|26|3|9|dehinc|-|31|6|10|ta|-|38|2|11|li|u|40|2|12|a|u|42|1|13|fa|-|44|2|14|tur|x|46|3
132,131,tantane vos generis tenuit fiducia vestri?,0|tan|-|0|3|1|ta|u|3|2|2|ne|u|5|2|3|vos|-|8|3|4|ge|u|12|2|5|ne|u|14|2|6|ris|-|16|3|7|te|u|20|2|8|nu|u|22|2|9|it|-|24|2|10|fi|-|27|2|11|du|-|29|2|12|ci|u|31|2|13|a|u|33|1|14|ves|-|35|3|15|tri|x|38|3
133,132,"iam caelum terramque meo sine numine, venti,",0|iam|-|0|3|1|cae|-|4|3|2|lum|-|7|3|3|ter|-|11|3|4|ram|-|14|3|5|que|u|17|3|6|me|u|21|2|7|o|-|23|1|8|si|u|25|2|9|ne|u|27|2|10|nu|-|30|2|11|mi|u|32|2|12|ne|u|34|2|13|ven|-|38|3|14|ti|x|41|2
134,133,"miscere, et tantas audetis tollere moles?",0|mis|-|0|3|1|ce|-|3|2|2|re-et|-|5|6|3|tan|-|12|3|4|tas|-|15|3|5|au|-|19|2|6|de|-|21|2|7|tis|-|23|3|8|tol|-|27|3|9|le|u|30|2|10|re|u|32|2|11|mo|-|35|2|12|les|x|37|3
135,134,quos ego?sed motos praestat componere fluctus.,0|quos|-|0|4|1|e|u|5|1|2|go|u|6|2|3|sed|-|9|3|4|mo|-|13|2|5|tos|-|15|3|6|prae|-|19|4|7|stat|-|23|4|8|com|-|28|3|9|po|-|31|2|10|ne|u|33|2|11|re|u|35|2|12|fluc|-|38|4|13|tus|x|42|3
136,135,post mihi non simili poena commissa luetis.,0|post|-|0|4|1|mi|u|5|2|2|hi|u|7|2|3|non|-|10|3|4|si|u|14|2|5|mi|u|16|2|6|li|-|18|2|7|poe|-|21|3|8|na|-|24|2|9|com|-|27|3|10|mis|-|30|3|11|sa|u|33|2|12|lu|u|36|2|13|e|-|38|1|14|tis|x|39|3
137,136,"maturate fugam, regique haec dicite vestro:",0|ma|-|0|2|1|tu|-|2|2|2|ra|-|4|2|3|te|u|6|2|4|fu|u|9|2|5|gam|-|11|3|6|re|-|16|2|7|gi|-|18|2|8|que-haec|-|20|8|9|di|-|29|2|10|ci|u|31|2|11|te|u|33|2|12|ves|-|36|3|13|tro|x|39|3
138,137,"non illi imperium pelagi saevumque tridentem,",0|non|-|0|3|1|il|-|4|2|2|li-im|-|6|5|3|pe|u|11|2|4|ri|u|13|2|5|um|-|15|2|6|pe|u|18|2|7|la|u|20|2|8|gi|-|22|2|9|sae|-|25|3|10|vum|-|28|3|11|que|u|31|3|12|tri|u|35|3|13|den|-|38|3|14|tem|x|41|3
139,138,"sed mihi sorte datum. Tenet ille immania saxa,",0|sed|-|0|3|1|mi|u|4|2|2|hi|u|6|2|3|sor|-|9|3|4|te|u|12|2|5|da|u|15|2|6|tum|-|17|3|7|te|u|22|2|8|net|u|24|3|9|il|-|28|2|10|le-im|-|30|5|11|ma|-|35|2|12|ni|u|37|2|13|a|u|39|1|14|sax|-|41|3|15|a|x|44|1
140,139,"vestras, Eure, domos; illa se iactet in aula",0|ves|-|0|3|1|tras|-|3|4|2|Eu|-|9|2|3|re|u|11|2|4|do|u|15|2|5|mos|-|17|3|6|il|-|22|2|7|la|-|24|2|8|se|-|27|2|9|iac|-|30|3|10|tet|u|33|3|11|in|u|37|2|12|au|-|40|2|13|la|x|42|2
141,140,"Aeolus, et clauso ventorum carcere regnet.",0|Ae|-|0|2|1|o|u|2|1|2|lus|u|3|3|3|et|-|8|2|4|clau|-|11|4|5|so|-|15|2|6|ven|-|18|3|7|to|-|21|2|8|rum|-|23|3|9|car|-|27|3|10|ce|u|30|2|11|re|u|32|2|12|reg|-|35|3|13|net|x|38|3
142,141,"sic ait, et dicto citius tumida aequora placat,",0|sic|-|0|3|1|a|u|4|1|2|it|u|5|2|3|et|-|9|2|4|dic|-|12|3|5|to|-|15|2|6|ci|u|18|2|7|ti|u|20|2|8|us|-|22|2|9|tu|u|25|2|10|mi|u|27|2|11|da-ae|-|29|5|12|quo|u|34|3|13|ra|u|37|2|14|pla|-|40|3|15|cat|x|43|3
143,142,"collectasque fugat nubes, solemque reducit.",0|col|-|0|3|1|lec|-|3|3|2|tas|-|6|3|3|que|u|9|3|4|fu|u|13|2|5|gat|-|15|3|6|nu|-|19|2|7|bes|-|21|3|8|so|-|26|2|9|lem|-|28|3|10|que|u|31|3|11|re|u|35|2|12|du|-|37|2|13|cit|x|39|3
144,143,Cymothoe simul et Triton adnixus acuto,0|Cy|-|0|2|1|mo|u|2|2|2|tho|u|4|3|3|e|-|7|1|4|si|u|9|2|5|mul|u|11|3|6|et|-|15|2|7|Tri|-|18|3|8|ton|-|21|3|9|ad|-|25|2|10|nix|-|27|3|11|us|u|30|2|12|a|u|33|1|13|cu|-|34|2|14|to|x|36|2
145,144,detrudunt naves scopulo; levat ipse tridenti;,0|de|-|0|2|1|tru|-|2|3|2|dunt|-|5|4|3|na|-|10|2|4|ves|-|12|3|5|sco|u|16|3|6|pu|u|19|2|7|lo|-|21|2|8|le|u|25|2|9|vat|u|27|3|10|ip|-|31|2|11|se|u|33|2|12|tri|u|36|3|13|den|-|39|3|14|ti|x|42|2
146,145,"et vastas aperit syrtes, et temperat aequor,",0|et|-|0|2|1|vas|-|3|3|2|tas|-|6|3|3|a|u|10|1|4|pe|u|11|2|5|rit|-|13|3|6|syr|-|17|3|7|tes|-|20|3|8|et|-|25|2|9|tem|-|28|3|10|pe|u|31|2|11|rat|u|33|3|12|ae|-|37|2|13|quor|x|39|4
147,146,atque rotis summas levibus perlabitur undas.,0|at|-|0|2|1|que|u|2|3|2|ro|u|6|2|3|tis|-|8|3|4|sum|-|12|3|5|mas|-|15|3|6|le|u|19|2|7|vi|u|21|2|8|bus|-|23|3|9|per|-|27|3|10|la|-|30|2|11|bi|u|32|2|12|tur|u|34|3|13|un|-|38|2|14|das|x|40|3
148,147,ac veluti magno in populo cum saepe coorta est,0|ac|-|0|2|1|ve|u|3|2|2|lu|u|5|2|3|ti|-|7|2|4|mag|-|10|3|5|no-in|-|13|5|6|po|u|19|2|7|pu|u|21|2|8|lo|-|23|2|9|cum|-|26|3|10|sae|-|30|3|11|pe|u|33|2|12|co|u|36|2|13|or|-|38|2|14|ta-est|x|40|6
149,148,"seditio, saevitque animis ignobile vulgus,",0|se|-|0|2|1|di|u|2|2|2|ti|u|4|2|3|o|-|6|1|4|sae|-|9|3|5|vit|-|12|3|6|que-a|u|15|5|7|ni|u|20|2|8|mis|-|22|3|9|ig|-|26|2|10|no|-|28|2|11|bi|u|30|2|12|le|u|32|2|13|vul|-|35|3|14|gus|x|38|3
150,149,iamque faces et saxa volant?furor arma ministrat;,0|iam|-|0|3|1|que|u|3|3|2|fa|u|7|2|3|ces|-|9|3|4|et|-|13|2|5|sax|-|16|3|6|a|u|19|1|7|vo|u|21|2|8|lant|-|23|4|9|fur|u|28|3|10|or|u|31|2|11|ar|-|34|2|12|ma|u|36|2|13|mi|u|39|2|14|nis|-|41|3|15|trat|x|44|4
151,150,"tum, pietate gravem ac meritis si forte virum quem",0|tum|-|0|3|1|pi|u|5|2|2|e|u|7|1|3|ta|-|8|2|4|te|u|10|2|5|gra|u|13|3|6|vem-ac|-|16|6|7|me|u|23|2|8|ri|u|25|2|9|tis|-|27|3|10|si|-|31|2|11|for|-|34|3|12|te|u|37|2|13|vi|u|40|2|14|rum|-|42|3|15|quem|x|46|4
152,151,"conspexere, silent, arrectisque auribus adstant;",0|con|-|0|3|1|spex|-|3|4|2|e|-|7|1|3|re|u|8|2|4|si|u|12|2|5|lent|-|14|4|6|ar|-|20|2|7|rec|-|22|3|8|tis|-|25|3|9|que-au|-|28|6|10|ri|u|34|2|11|bus|u|36|3|12|ad|-|40|2|13|stant|x|42|5
153,152,"ille regit dictis animos, et pectora mulcet,",0|il|-|0|2|1|le|u|2|2|2|re|u|5|2|3|git|-|7|3|4|dic|-|11|3|5|tis|-|14|3|6|a|u|18|1|7|ni|u|19|2|8|mos|-|21|3|9|et|-|26|2|10|pec|-|29|3|11|to|u|32|2|12|ra|u|34|2|13|mul|-|37|3|14|cet|x|40|3
154,153,"sic cunctus pelagi cecidit fragor, aequora postquam",0|sic|-|0|3|1|cunc|-|4|4|2|tus|-|8|3|3|pe|u|12|2|4|la|u|14|2|5|gi|-|16|2|6|ce|u|19|2|7|ci|u|21|2|8|dit|-|23|3|9|fra|u|27|3|10|gor|u|30|3|11|ae|-|35|2|12|quo|u|37|3|13|ra|u|40|2|14|post|-|43|4|15|quam|x|47|4
155,154,prospiciens genitor caeloque invectus aperto,0|pros|-|0|4|1|pi|u|4|2|2|ci|u|6|2|3|ens|-|8|3|4|ge|u|12|2|5|ni|u|14|2|6|tor|-|16|3|7|cae|-|20|3|8|lo|-|23|2|9|que-in|-|25|6|10|vec|-|31|3|11|tus|u|34|3|12|a|u|38|1|13|per|-|39|3|14|to|x|42|2
156,155,"flectit equos, curruque volans dat lora secundo.",0|flec|-|0|4|1|tit|u|4|3|2|e|u|8|1|3|quos|-|9|4|4|cur|-|15|3|5|ru|-|18|2|6|que|u|20|3|7|vo|u|24|2|8|lans|-|26|4|9|dat|-|31|3|10|lo|-|35|2|11|ra|u|37|2|12|se|u|40|2|13|cun|-|42|3|14|do|x|45|2
157,156,"defessi Aeneadae, quae proxima litora, cursu",0|de|-|0|2|1|fes|-|2|3|2|si-Ae|-|5|5|3|ne|u|10|2|4|a|u|12|1|5|dae|-|13|3|6|quae|-|18|4|7|prox|-|23|4|8|i|u|27|1|9|ma|u|28|2|10|li|-|31|2|11|to|u|33|2|12|ra|u|35|2|13|cur|-|39|3|14|su|x|42|2
158,157,"contendunt petere, et Libyae vertuntur ad oras.",0|con|-|0|3|1|ten|-|3|3|2|dunt|-|6|4|3|pe|u|11|2|4|te|u|13|2|5|re-et|-|15|6|6|Li|u|22|2|7|by|u|24|2|8|ae|-|26|2|9|ver|-|29|3|10|tun|-|32|3|11|tur|u|35|3|12|ad|u|39|2|13|o|-|42|1|14|ras|x|43|3
159,158,Est in secessu longo locus: insula portum,0|Est|-|0|3|1|in|-|4|2|2|se|-|7|2|3|ces|-|9|3|4|su|-|12|2|5|lon|-|15|3|6|go|-|18|2|7|lo|u|21|2|8|cus|u|23|3|9|in|-|28|2|10|su|u|30|2|11|la|u|32|2|12|por|-|35|3|13|tum|x|38|3
160,159,"efficit obiectu laterum, quibus omnis ab alto",0|ef|-|0|2|1|fi|u|2|2|2|cit|u|4|3|3|ob|-|8|2|4|iec|-|10|3|5|tu|-|13|2|6|la|u|16|2|7|te|u|18|2|8|rum|-|20|3|9|qui|u|25|3|10|bus|u|28|3|11|om|-|32|2|12|nis|u|34|3|13|ab|u|38|2|14|al|-|41|2|15|to|x|43|2
161,160,frangitur inque sinus scindit sese unda reductos.,0|fran|-|0|4|1|gi|u|4|2|2|tur|u|6|3|3|in|-|10|2|4|que|u|12|3|5|si|u|16|2|6|nus|-|18|3|7|scin|-|22|4|8|dit|-|26|3|9|se|-|30|2|10|se-un|-|32|5|11|da|u|37|2|12|re|u|40|2|13|duc|-|42|3|14|tos|x|45|3
162,161,hinc atque hinc vastae rupes geminique minantur,0|hinc|-|0|4|1|at|-|5|2|2|que-hinc|-|7|8|3|vas|-|16|3|4|tae|-|19|3|5|ru|-|23|2|6|pes|-|25|3|7|ge|u|29|2|8|mi|u|31|2|9|ni|-|33|2|10|que|u|35|3|11|mi|u|39|2|12|nan|-|41|3|13|tur|x|44|3
163,162,"in caelum scopuli, quorum sub vertice late",0|in|-|0|2|1|cae|-|3|3|2|lum|-|6|3|3|sco|u|10|3|4|pu|u|13|2|5|li|-|15|2|6|quo|-|19|3|7|rum|-|22|3|8|sub|-|26|3|9|ver|-|30|3|10|ti|u|33|2|11|ce|u|35|2|12|la|-|38|2|13|te|x|40|2
164,163,aequora tuta silent; tum silvis scaena coruscis,0|ae|-|0|2|1|quo|u|2|3|2|ra|u|5|2|3|tu|-|8|2|4|ta|u|10|2|5|si|u|13|2|6|lent|-|15|4|7|tum|-|21|3|8|sil|-|25|3|9|vis|-|28|3|10|scae|-|32|4|11|na|u|36|2|12|co|u|39|2|13|rus|-|41|3|14|cis|x|44|3
165,164,desuper horrentique atrum nemus imminet umbra.,0|de|-|0|2|1|su|u|2|2|2|per|u|4|3|3|hor|-|8|3|4|ren|-|11|3|5|ti|-|14|2|6|que-a|-|16|5|7|trum|-|21|4|8|ne|u|26|2|9|mus|u|28|3|10|im|-|32|2|11|mi|u|34|2|12|net|u|36|3|13|um|-|40|2|14|bra|x|42|3
166,165,"fronte sub adversa scopulis pendentibus antrum,",0|fron|-|0|4|1|te|u|4|2|2|sub|u|7|3|3|ad|-|11|2|4|ver|-|13|3|5|sa|-|16|2|6|sco|u|19|3|7|pu|u|22|2|8|lis|-|24|3|9|pen|-|28|3|10|den|-|31|3|11|ti|u|34|2|12|bus|u|36|3|13|an|-|40|2|14|trum|x|42|4
167,166,intus aquae dulces vivoque sedilia saxo,0|in|-|0|2|1|tus|u|2|3|2|a|u|6|1|3|quae|-|7|4|4|dul|-|12|3|5|ces|-|15|3|6|vi|-|19|2|7|vo|-|21|2|8|que|u|23|3|9|se|u|27|2|10|di|-|29|2|11|li|u|31|2|12|a|u|33|1|13|sax|-|35|3|14|o|x|38|1
168,167,nympharum domus: hic fessas non vincula naves,0|nym|-|0|3|1|pha|-|3|3|2|rum|-|6|3|3|do|u|10|2|4|mus|u|12|3|5|hic|-|17|3|6|fes|-|21|3|7|sas|-|24|3|8|non|-|28|3|9|vin|-|32|3|10|cu|u|35|2|11|la|u|37|2|12|na|-|40|2|13|ves|x|42|3
169,168,"ulla tenent, unco non alligat ancora morsu.",0|ul|-|0|2|1|la|u|2|2|2|te|u|5|2|3|nent|-|7|4|4|un|-|13|2|5|co|-|15|2|6|non|-|18|3|7|al|-|22|2|8|li|u|24|2|9|gat|u|26|3|10|an|-|30|2|11|co|u|32|2|12|ra|u|34|2|13|mor|-|37|3|14|su|x|40|2
170,169,huc septem Aeneas collectis navibus omni,0|huc|-|0|3|1|sep|-|4|3|2|tem-Ae|-|7|6|3|ne|-|13|2|4|as|-|15|2|5|col|-|18|3|6|lec|-|21|3|7|tis|-|24|3|8|na|-|28|2|9|vi|u|30|2|10|bus|u|32|3|11|om|-|36|2|12|ni|x|38|2
171,170,ex numero subit; ac magno telluris amore,0|ex|-|0|2|1|nu|u|3|2|2|me|u|5|2|3|ro|-|7|2|4|su|u|10|2|5|bit|u|12|3|6|ac|-|17|2|7|mag|-|20|3|8|no|-|23|2|9|tel|-|26|3|10|lu|-|29|2|11|ris|u|31|3|12|a|u|35|1|13|mo|-|36|2|14|re|x|38|2
172,171,"egressi optata potiuntur Troes harena,",0|e|-|0|1|1|gres|-|1|4|2|si-op|-|5|5|3|ta|-|10|2|4|ta|-|12|2|5|po|u|15|2|6|ti|u|17|2|7|un|-|19|2|8|tur|-|21|3|9|Tro|-|25|3|10|es|u|28|2|11|ha|u|31|2|12|re|-|33|2|13|na|x|35|2
173,172,et sale tabentis artus in litore ponunt.,0|et|-|0|2|1|sa|u|3|2|2|le|u|5|2|3|ta|-|8|2|4|ben|-|10|3|5|tis|-|13|3|6|ar|-|17|2|7|tus|-|19|3|8|in|-|23|2|9|li|-|26|2|10|to|u|28|2|11|re|u|30|2|12|po|-|33|2|13|nunt|x|35|4
174,173,"ac primum silici scintillam excudit Achates,",0|ac|-|0|2|1|pri|-|3|3|2|mum|-|6|3|3|si|u|10|2|4|li|u|12|2|5|ci|-|14|2|6|scin|-|17|4|7|til|-|21|3|8|lam-ex|-|24|6|9|cu|-|30|2|10|dit|u|32|3|11|a|u|36|1|12|cha|-|37|3|13|tes|x|40|3
175,174,"suscepitque ignem foliis, atque arida circum",0|sus|-|0|3|1|ce|-|3|2|2|pit|-|5|3|3|que-ig|-|8|6|4|nem|-|14|3|5|fo|u|18|2|6|li|u|20|2|7|is|-|22|2|8|at|-|26|2|9|que-a|-|28|5|10|ri|u|33|2|11|da|u|35|2|12|cir|-|38|3|13|cum|x|41|3
176,175,"nutrimenta dedit, rapuitque in fomite flammam.",0|nu|-|0|2|1|tri|-|2|3|2|men|-|5|3|3|ta|u|8|2|4|de|u|11|2|5|dit|-|13|3|6|ra|u|18|2|7|pu|u|20|2|8|it|-|22|2|9|que-in|-|24|6|10|fo|-|31|2|11|mi|u|33|2|12|te|u|35|2|13|flam|-|38|4|14|mam|x|42|3
177,176,tum Cererem corruptam undis Cerealiaque arma,0|tum|-|0|3|1|Ce|u|4|2|2|re|u|6|2|3|rem|-|8|3|4|cor|-|12|3|5|rup|-|15|3|6|tam-un|-|18|6|7|dis|-|24|3|8|Ce|u|28|2|9|re|u|30|2|10|a|-|32|1|11|li|u|33|2|12|a|u|35|1|13|que-ar|-|36|6|14|ma|x|42|2
178,177,"expediunt fessi rerum, frugesque receptas",0|ex|-|0|2|1|pe|u|2|2|2|di|u|4|2|3|unt|-|6|3|4|fes|-|10|3|5|si|-|13|2|6|re|-|16|2|7|rum|-|18|3|8|fru|-|23|3|9|ges|-|26|3|10|que|u|29|3|11|re|u|33|2|12|cep|-|35|3|13|tas|x|38|3
179,178,et torrere parant flammis et frangere saxo.,0|et|-|0|2|1|tor|-|3|3|2|re|-|6|2|3|re|u|8|2|4|pa|u|11|2|5|rant|-|13|4|6|flam|-|18|4|7|mis|-|22|3|8|et|-|26|2|9|fran|-|29|4|10|ge|u|33|2|11|re|u|35|2|12|sax|-|38|3|13|o|x|41|1
180,179,"Aeneas scopulum interea conscendit, et omnem",0|Ae|-|0|2|1|ne|-|2|2|2|as|-|4|2|3|sco|u|7|3|4|pu|u|10|2|5|lum-in|-|12|6|6|te|u|18|2|7|re|u|20|2|8|a|-|22|1|9|con|-|24|3|10|scen|-|27|4|11|dit|u|31|3|12|et|u|36|2|13|om|-|39|2|14|nem|x|41|3
181,180,"prospectum late pelago petit, Anthea si quem",0|pros|-|0|4|1|pec|-|4|3|2|tum|-|7|3|3|la|-|11|2|4|te|-|13|2|5|pe|u|16|2|6|la|u|18|2|7|go|-|20|2|8|pe|u|23|2|9|tit|u|25|3|10|An|-|30|2|11|the|u|32|3|12|a|u|35|1|13|si|-|37|2|14|quem|x|40|4
182,181,"iactatum vento videat Phrygiasque biremis,",0|iac|-|0|3|1|ta|-|3|2|2|tum|-|5|3|3|ven|-|9|3|4|to|-|12|2|5|vi|u|15|2|6|de|u|17|2|7|at|-|19|2|8|Phry|u|22|4|9|gi|u|26|2|10|as|-|28|2|11|que|u|30|3|12|bi|u|34|2|13|re|-|36|2|14|mis|x|38|3
183,182,"aut Capyn, aut celsis in puppibus arma Caici.",0|aut|-|0|3|1|Ca|u|4|2|2|pyn|u|6|3|3|aut|-|11|3|4|cel|-|15|3|5|sis|-|18|3|6|in|-|22|2|7|pup|-|25|3|8|pi|u|28|2|9|bus|u|30|3|10|ar|-|34|2|11|ma|u|36|2|12|Ca|u|39|2|13|i|-|41|1|14|ci|x|42|2
184,183,"navem in conspectu nullam, tres litore cervos",0|na|-|0|2|1|vem-in|-|2|6|2|con|-|9|3|3|spec|-|12|4|4|tu|-|16|2|5|nul|-|19|3|6|lam|-|22|3|7|tres|-|27|4|8|li|-|32|2|9|to|u|34|2|10|re|u|36|2|11|cer|-|39|3|12|vos|x|42|3
185,184,prospicit errantes; hos tota armenta sequuntur,0|pros|-|0|4|1|pi|u|4|2|2|cit|u|6|3|3|er|-|10|2|4|ran|-|12|3|5|tes|-|15|3|6|hos|-|20|3|7|to|-|24|2|8|ta-ar|-|26|5|9|men|-|31|3|10|ta|u|34|2|11|se|u|37|2|12|quun|-|39|4|13|tur|x|43|3
186,185,"a tergo, et longum per valles pascitur agmen.",0|a|-|0|1|1|ter|-|2|3|2|go-et|-|5|6|3|lon|-|12|3|4|gum|-|15|3|5|per|-|19|3|6|val|-|23|3|7|les|-|26|3|8|pas|-|30|3|9|ci|u|33|2|10|tur|u|35|3|11|ag|-|39|2|12|men|x|41|3
187,186,"constitit hic, arcumque manu celerisque sagittas",0|con|-|0|3|1|sti|u|3|3|2|tit|u|6|3|3|hic|-|10|3|4|ar|-|15|2|5|cum|-|17|3|6|que|u|20|3|7|ma|u|24|2|8|nu|-|26|2|9|ce|u|29|2|10|le|u|31|2|11|ris|-|33|3|12|que|u|36|3|13|sa|u|40|2|14|git|-|42|3|15|tas|x|45|3
188,187,"corripuit, fidus quae tela gerebat Achates;",0|cor|-|0|3|1|ri|u|3|2|2|pu|u|5|2|3|it|-|7|2|4|fi|-|11|2|5|dus|-|13|3|6|quae|-|17|4|7|te|-|22|2|8|la|u|24|2|9|ge|u|27|2|10|re|-|29|2|11|bat|u|31|3|12|A|u|35|1|13|cha|-|36|3|14|tes|x|39|3
189,188,"ductoresque ipsos primum, capita alta ferentis",0|duc|-|0|3|1|to|-|3|2|2|res|-|5|3|3|que-ip|-|8|6|4|sos|-|14|3|5|pri|-|18|3|6|mum|-|21|3|7|ca|u|26|2|8|pi|u|28|2|9|ta-al|-|30|5|10|ta|u|35|2|11|fe|u|38|2|12|ren|-|40|3|13|tis|x|43|3
190,189,"cornibus arboreis, sternit, tum volgus, et omnem",0|cor|-|0|3|1|ni|u|3|2|2|bus|u|5|3|3|ar|-|9|2|4|bo|u|11|2|5|re|u|13|2|6|is|-|15|2|7|ster|-|19|4|8|nit|-|23|3|9|tum|-|28|3|10|vol|-|32|3|11|gus|u|35|3|12|et|u|40|2|13|om|-|43|2|14|nem|x|45|3
191,190,miscet agens telis nemora inter frondea turbam;,0|mis|-|0|3|1|cet|u|3|3|2|a|u|7|1|3|gens|-|8|4|4|te|-|13|2|5|lis|-|15|3|6|ne|u|19|2|7|mo|u|21|2|8|ra-in|-|23|5|9|ter|-|28|3|10|fron|-|32|4|11|de|u|36|2|12|a|u|38|1|13|tur|-|40|3|14|bam|x|43|3
192,191,"nec prius absistit, quam septem ingentia victor",0|nec|-|0|3|1|pri|u|4|3|2|us|u|7|2|3|ab|-|10|2|4|sis|-|12|3|5|tit|-|15|3|6|quam|-|20|4|7|sep|-|25|3|8|tem-in|-|28|6|9|gen|-|34|3|10|ti|u|37|2|11|a|u|39|1|12|vic|-|41|3|13|tor|x|44|3
193,192,"corpora fundat humi, et numerum cum navibus aequet.",0|cor|-|0|3|1|po|u|3|2|2|ra|u|5|2|3|fun|-|8|3|4|dat|u|11|3|5|hu|u|15|2|6|mi-et|-|17|6|7|nu|u|24|2|8|me|u|26|2|9|rum|-|28|3|10|cum|-|32|3|11|na|-|36|2|12|vi|u|38|2|13|bus|u|40|3|14|ae|-|44|2|15|quet|x|46|4
194,193,"hinc portum petit, et socios partitur in omnes.",0|hinc|-|0|4|1|por|-|5|3|2|tum|-|8|3|3|pe|u|12|2|4|tit|u|14|3|5|et|-|19|2|6|so|u|22|2|7|ci|u|24|2|8|os|-|26|2|9|par|-|29|3|10|ti|-|32|2|11|tur|u|34|3|12|in|u|38|2|13|om|-|41|2|14|nes|x|43|3
195,194,vina bonus quae deinde cadis onerarat Acestes,0|vi|-|0|2|1|na|u|2|2|2|bo|u|5|2|3|nus|-|7|3|4|quae|-|11|4|5|dein|-|16|4|6|de|u|20|2|7|ca|u|23|2|8|dis|-|25|3|9|o|u|29|1|10|ne|u|30|2|11|ra|-|32|2|12|rat|u|34|3|13|A|u|38|1|14|ces|-|39|3|15|tes|x|42|3
196,195,litore Trinacrio dederatque abeuntibus heros,0|li|-|0|2|1|to|u|2|2|2|re|u|4|2|3|Tri|-|7|3|4|na|u|10|2|5|cri|u|12|3|6|o|-|15|1|7|de|u|17|2|8|de|u|19|2|9|rat|-|21|3|10|que-ab|u|24|6|11|e|u|30|1|12|un|-|31|2|13|ti|u|33|2|14|bus|u|35|3|15|he|-|39|2|16|ros|x|41|3
197,196,"dividit, et dictis maerentia pectora mulcet:",0|di|-|0|2|1|vi|u|2|2|2|dit|u|4|3|3|et|-|9|2|4|dic|-|12|3|5|tis|-|15|3|6|mae|-|19|3|7|ren|-|22|3|8|ti|u|25|2|9|a|u|27|1|10|pec|-|29|3|11|to|u|32|2|12|ra|u|34|2|13|mul|-|37|3|14|cet|x|40|3
198,197,o socii?neque enim ignari sumus ante malorum?,0|o|-|0|1|1|so|u|2|2|2|ci|u|4|2|3|i|-|6|1|4|ne|u|8|2|5|que-en|u|10|6|6|im-ig|-|16|5|7|na|-|21|2|8|ri|-|23|2|9|su|u|26|2|10|mus|u|28|3|11|an|-|32|2|12|te|u|34|2|13|ma|u|37|2|14|lo|-|39|2|15|rum|x|41|3
199,198,"o passi graviora, dabit deus his quoque finem.",0|o|-|0|1|1|pas|-|2|3|2|si|-|5|2|3|gra|u|8|3|4|vi|u|11|2|5|o|-|13|1|6|ra|u|14|2|7|da|u|18|2|8|bit|-|20|3|9|de|u|24|2|10|us|u|26|2|11|his|-|29|3|12|quo|u|33|3|13|que|u|36|3|14|fi|-|40|2|15|nem|x|42|3
200,199,vos et Scyllaeam rabiem penitusque sonantis,0|vos|-|0|3|1|et|-|4|2|2|Scyl|-|7|4|3|lae|-|11|3|4|am|-|14|2|5|ra|u|17|2|6|bi|u|19|2|7|em|-|21|2|8|pe|u|24|2|9|ni|u|26|2|10|tus|-|28|3|11|que|u|31|3|12|so|u|35|2|13|nan|-|37|3|14|tis|x|40|3
201,200,"accestis scopulos, vos et Cyclopia saxa",0|ac|-|0|2|1|ces|-|2|3|2|tis|-|5|3|3|sco|u|9|3|4|pu|u|12|2|5|los|-|14|3|6|vos|-|19|3|7|et|-|23|2|8|Cyc|-|26|3|9|lo|-|29|2|10|pi|u|31|2|11|a|u|33|1|12|sax|-|35|3|13|a|x|38|1
202,201,"experti: revocate animos, maestumque timorem",0|ex|-|0|2|1|per|-|2|3|2|ti|-|5|2|3|re|u|9|2|4|vo|u|11|2|5|ca|-|13|2|6|te-a|u|15|4|7|ni|u|19|2|8|mos|-|21|3|9|maes|-|26|4|10|tum|-|30|3|11|que|u|33|3|12|ti|u|37|2|13|mo|-|39|2|14|rem|x|41|3
203,202,mittite: forsan et haec olim meminisse iuvabit.,0|mit|-|0|3|1|ti|u|3|2|2|te|u|5|2|3|for|-|9|3|4|san|u|12|3|5|et|u|16|2|6|haec|-|19|4|7|o|-|24|1|8|lim|-|25|3|9|me|u|29|2|10|mi|u|31|2|11|nis|-|33|3|12|se|u|36|2|13|iu|u|39|2|14|va|-|41|2|15|bit|x|43|3
204,203,"per varios casus, per tot discrimina rerum",0|per|-|0|3|1|va|u|4|2|2|ri|u|6|2|3|os|-|8|2|4|ca|-|11|2|5|sus|-|13|3|6|per|-|18|3|7|tot|-|22|3|8|dis|-|26|3|9|cri|-|29|3|10|mi|u|32|2|11|na|u|34|2|12|re|-|37|2|13|rum|x|39|3
205,204,tendimus in Latium; sedes ubi fata quietas,0|ten|-|0|3|1|di|u|3|2|2|mus|u|5|3|3|in|-|9|2|4|La|u|12|2|5|ti|u|14|2|6|um|-|16|2|7|se|-|20|2|8|des|-|22|3|9|u|u|26|1|10|bi|u|27|2|11|fa|-|30|2|12|ta|u|32|2|13|qui|u|35|3|14|e|-|38|1|15|tas|x|39|3
206,205,ostendunt; illic fas regna resurgere Troiae.,0|os|-|0|2|1|ten|-|2|3|2|dunt|-|5|4|3|il|-|11|2|4|lic|-|13|3|5|fas|-|17|3|6|reg|-|21|3|7|na|u|24|2|8|re|u|27|2|9|sur|-|29|3|10|ge|u|32|2|11|re|u|34|2|12|Tro|-|37|3|13|iae|x|40|3
207,206,"durate, et vosmet rebus servate secundis.'",0|du|-|0|2|1|ra|-|2|2|2|te-et|-|4|6|3|vos|-|11|3|4|met|-|14|3|5|re|-|18|2|6|bus|-|20|3|7|ser|-|24|3|8|va|-|27|2|9|te|u|29|2|10|se|u|32|2|11|cun|-|34|3|12|dis|x|37|3
208,207,"talia voce refert, curisque ingentibus aeger",0|ta|-|0|2|1|li|u|2|2|2|a|u|4|1|3|vo|-|6|2|4|ce|u|8|2|5|re|u|11|2|6|fert|-|13|4|7|cu|-|19|2|8|ris|-|21|3|9|que-in|-|24|6|10|gen|-|30|3|11|ti|u|33|2|12|bus|u|35|3|13|ae|-|39|2|14|ger|x|41|3
209,208,"spem vultu simulat, premit altum corde dolorem.",0|spem|-|0|4|1|vul|-|5|3|2|tu|-|8|2|3|si|u|11|2|4|mu|u|13|2|5|lat|-|15|3|6|pre|u|20|3|7|mit|u|23|3|8|al|-|27|2|9|tum|-|29|3|10|cor|-|33|3|11|de|u|36|2|12|do|u|39|2|13|lo|-|41|2|14|rem|x|43|3
418,209,"corripuere viam interea, qua semita monstrat.",0|cor|-|0|3|1|ri|u|3|2|2|pu|u|5|2|3|e|-|7|1|4|re|u|8|2|5|vi|u|11|2|6|am-in|-|13|5|7|te|u|18|2|8|re|u|20|2|9|a|-|22|1|10|qua|-|25|3|11|se|-|29|2|12|mi|u|31|2|13|ta|u|33|2|14|mon|-|36|3|15|strat|x|39|5
419,210,"Iamque ascendebant collem, qui plurimus urbi",0|Iam|-|0|3|1|que-as|-|3|6|2|cen|-|9|3|3|de|-|12|2|4|bant|-|14|4|5|col|-|19|3|6|lem|-|22|3|7|qui|-|27|3|8|plu|-|31|3|9|ri|u|34|2|10|mus|u|36|3|11|ur|-|40|2|12|bi|x|42|2
420,211,"imminet, adversasque adspectat desuper arces.",0|im|-|0|2|1|mi|u|2|2|2|net|u|4|3|3|ad|-|9|2|4|ver|-|11|3|5|sas|-|14|3|6|que-ad|-|17|6|7|spec|-|23|4|8|tat|-|27|3|9|de|-|31|2|10|su|u|33|2|11|per|u|35|3|12|ar|-|39|2|13|ces|x|41|3
421,212,"miratur molem Aeneas, magalia quondam,",0|mi|-|0|2|1|ra|-|2|2|2|tur|-|4|3|3|mo|-|8|2|4|lem-Ae|-|10|6|5|ne|-|16|2|6|as|-|18|2|7|ma|-|22|2|8|ga|-|24|2|9|li|u|26|2|10|a|u|28|1|11|quon|-|30|4|12|dam|x|34|3
422,213,miratur portas strepitumque et strata viarum.,0|mi|-|0|2|1|ra|-|2|2|2|tur|-|4|3|3|por|-|8|3|4|tas|-|11|3|5|stre|u|15|4|6|pi|u|19|2|7|tum|-|21|3|8|que-et|-|24|6|9|stra|-|31|4|10|ta|u|35|2|11|vi|u|38|2|12|a|-|40|1|13|rum|x|41|3
423,214,"instant ardentes Tyrii pars ducere muros,",0|in|-|0|2|1|stant|-|2|5|2|ar|-|8|2|3|den|-|10|3|4|tes|-|13|3|5|Ty|u|17|2|6|ri|u|19|2|7|i|-|21|1|8|pars|-|23|4|9|du|-|28|2|10|ce|u|30|2|11|re|u|32|2|12|mu|-|35|2|13|ros|x|37|3
424,215,"molirique arcem et manibus subvolvere saxa,",0|mo|-|0|2|1|li|-|2|2|2|ri|-|4|2|3|que-ar|-|6|6|4|cem-et|-|12|6|5|ma|u|19|2|6|ni|u|21|2|7|bus|-|23|3|8|sub|-|27|3|9|vol|-|30|3|10|ve|u|33|2|11|re|u|35|2|12|sax|-|38|3|13|a|x|41|1
425,216,pars optare locum tecto et concludere sulco.,0|pars|-|0|4|1|op|-|5|2|2|ta|-|7|2|3|re|u|9|2|4|lo|u|12|2|5|cum|-|14|3|6|tec|-|18|3|7|to-et|-|21|5|8|con|-|27|3|9|clu|-|30|3|10|de|u|33|2|11|re|u|35|2|12|sul|-|38|3|13|co|x|41|2
426,217,iura magistratusque legunt sanctumque senatum;,0|iu|-|0|2|1|ra|u|2|2|2|ma|u|5|2|3|gis|-|7|3|4|tra|-|10|3|5|tus|-|13|3|6|que|u|16|3|7|le|u|20|2|8|gunt|-|22|4|9|sanc|-|27|4|10|tum|-|31|3|11|que|u|34|3|12|se|u|38|2|13|na|-|40|2|14|tum|x|42|3
427,218,hic portus alii effodiunt; hic alta theatri,0|hic|-|0|3|1|por|-|4|3|2|tus|-|7|3|3|a|u|11|1|4|li|u|12|2|5|i-ef|-|14|4|6|fo|u|18|2|7|di|u|20|2|8|unt|-|22|3|9|hic|-|27|3|10|al|-|31|2|11|ta|u|33|2|12|the|u|36|3|13|a|-|39|1|14|tri|x|40|3
428,219,"fundamenta locant alii, immanesque columnas",0|fun|-|0|3|1|da|-|3|2|2|men|-|5|3|3|ta|u|8|2|4|lo|u|11|2|5|cant|-|13|4|6|a|u|18|1|7|li|u|19|2|8|i-im|-|21|5|9|ma|-|26|2|10|nes|-|28|3|11|que|u|31|3|12|co|u|35|2|13|lum|-|37|3|14|nas|x|40|3
429,220,"rupibus excidunt, scaenis decora alta futuris",0|ru|-|0|2|1|pi|u|2|2|2|bus|u|4|3|3|ex|-|8|2|4|ci|-|10|2|5|dunt|-|12|4|6|scae|-|18|4|7|nis|-|22|3|8|de|u|26|2|9|co|u|28|2|10|ra-al|-|30|5|11|ta|u|35|2|12|fu|u|38|2|13|tu|-|40|2|14|ris|x|42|3
430,221,qualis apes aestate nova per florea rura,0|qua|-|0|3|1|lis|u|3|3|2|a|u|7|1|3|pes|-|8|3|4|aes|-|12|3|5|ta|-|15|2|6|te|u|17|2|7|no|u|20|2|8|va|-|22|2|9|per|-|25|3|10|flo|-|29|3|11|re|u|32|2|12|a|u|34|1|13|ru|-|36|2|14|ra|x|38|2
431,222,"exercet sub sole labor, cum gentis adultos",0|ex|-|0|2|1|er|-|2|2|2|cet|-|4|3|3|sub|-|8|3|4|so|-|12|2|5|le|u|14|2|6|la|u|17|2|7|bor|-|19|3|8|cum|-|24|3|9|gen|-|28|3|10|tis|u|31|3|11|a|u|35|1|12|dul|-|36|3|13|tos|x|39|3
432,223,"educunt fetus, aut cum liquentia mella",0|e|-|0|1|1|du|-|1|2|2|cunt|-|3|4|3|fe|-|8|2|4|tus|-|10|3|5|aut|-|15|3|6|cum|-|19|3|7|li|-|23|2|8|quen|-|25|4|9|ti|u|29|2|10|a|u|31|1|11|mel|-|33|3|12|la|x|36|2
433,224,"stipant et dulci distendunt nectare cellas,",0|sti|-|0|3|1|pant|-|3|4|2|et|-|8|2|3|dul|-|11|3|4|ci|-|14|2|5|dis|-|17|3|6|ten|-|20|3|7|dunt|-|23|4|8|nec|-|28|3|9|ta|u|31|2|10|re|u|33|2|11|cel|-|36|3|12|las|x|39|3
434,225,"aut onera accipiunt venientum, aut agmine facto",0|aut|-|0|3|1|o|u|4|1|2|ne|u|5|2|3|ra-ac|-|7|5|4|ci|u|12|2|5|pi|u|14|2|6|unt|-|16|3|7|ve|u|20|2|8|ni|u|22|2|9|en|-|24|2|10|tum-aut|-|26|8|11|ag|-|35|2|12|mi|u|37|2|13|ne|u|39|2|14|fac|-|42|3|15|to|x|45|2
435,226,ignavum fucos pecus a praesepibus arcent,0|ig|-|0|2|1|na|-|2|2|2|vum|-|4|3|3|fu|-|8|2|4|cos|-|10|3|5|pe|u|14|2|6|cus|u|16|3|7|a|-|20|1|8|prae|-|22|4|9|se|-|26|2|10|pi|u|28|2|11|bus|u|30|3|12|ar|-|34|2|13|cent|x|36|4
436,227,"fervet opus, redolentque thymo fragrantia mella.",0|fer|-|0|3|1|vet|u|3|3|2|o|u|7|1|3|pus|-|8|3|4|re|u|13|2|5|do|u|15|2|6|lent|-|17|4|7|que|u|21|3|8|thy|u|25|3|9|mo|-|28|2|10|fra|-|31|3|11|gran|-|34|4|12|ti|u|38|2|13|a|u|40|1|14|mel|-|42|3|15|la|x|45|2
437,228,"o fortunati, quorum iam moenia surgunt!",0|o|-|0|1|1|for|-|2|3|2|tu|-|5|2|3|na|-|7|2|4|ti|-|9|2|5|quo|-|13|3|6|rum|-|16|3|7|iam|-|20|3|8|moe|-|24|3|9|ni|u|27|2|10|a|u|29|1|11|sur|-|31|3|12|gunt|x|34|4
438,229,"Aeneas ait, et fastigia suspicit urbis",0|Ae|-|0|2|1|ne|-|2|2|2|as|-|4|2|3|a|u|7|1|4|it|u|8|2|5|et|-|12|2|6|fas|-|15|3|7|ti|-|18|2|8|gi|u|20|2|9|a|u|22|1|10|sus|-|24|3|11|pi|u|27|2|12|cit|u|29|3|13|ur|-|33|2|14|bis|x|35|3
439,230,"infert se saeptus nebula, mirabile dictu,",0|in|-|0|2|1|fert|-|2|4|2|se|-|7|2|3|saep|-|10|4|4|tus|-|14|3|5|ne|u|18|2|6|bu|u|20|2|7|la|-|22|2|8|mi|-|26|2|9|ra|-|28|2|10|bi|u|30|2|11|le|u|32|2|12|dic|-|35|3|13|tu|x|38|2
440,231,"per medios, miscetque viris, neque cernitur ulli.",0|per|-|0|3|1|me|u|4|2|2|di|u|6|2|3|os|-|8|2|4|mis|-|12|3|5|cet|-|15|3|6|que|u|18|3|7|vi|u|22|2|8|ris|-|24|3|9|ne|u|29|2|10|que|u|31|3|11|cer|-|35|3|12|ni|u|38|2|13|tur|u|40|3|14|ul|-|44|2|15|li|x|46|2
494,232,"haec dum Dardanio Aeneae miranda videntur,",0|haec|-|0|4|1|dum|-|5|3|2|Dar|-|9|3|3|da|u|12|2|4|ni|u|14|2|5|o-Ae|-|16|4|6|ne|-|20|2|7|ae|-|22|2|8|mi|-|25|2|9|ran|-|27|3|10|da|u|30|2|11|vi|u|33|2|12|den|-|35|3|13|tur|x|38|3
495,233,"dum stupet, obtutuque haeret defixus in uno,",0|dum|-|0|3|1|stu|u|4|3|2|pet|u|7|3|3|ob|-|12|2|4|tu|-|14|2|5|tu|-|16|2|6|que-hae|-|18|7|7|ret|-|25|3|8|de|-|29|2|9|fix|-|31|3|10|us|u|34|2|11|in|u|37|2|12|u|-|40|1|13|no|x|41|2
496,234,"regina ad templum, forma pulcherrima Dido,",0|re|-|0|2|1|gi|-|2|2|2|na-ad|-|4|5|3|tem|-|10|3|4|plum|-|13|4|5|for|-|19|3|6|ma|-|22|2|7|pul|-|25|3|8|cher|-|28|4|9|ri|u|32|2|10|ma|u|34|2|11|Di|-|37|2|12|do|x|39|2
497,235,incessit magna iuvenum stipante caterva.,0|in|-|0|2|1|ces|-|2|3|2|sit|-|5|3|3|mag|-|9|3|4|na|-|12|2|5|iu|u|15|2|6|ve|u|17|2|7|num|-|19|3|8|sti|-|23|3|9|pan|-|26|3|10|te|u|29|2|11|ca|u|32|2|12|ter|-|34|3|13|va|x|37|2
498,236,qualis in Eurotae ripis aut per iuga Cynthi,0|qua|-|0|3|1|lis|u|3|3|2|in|u|7|2|3|Eu|-|10|2|4|ro|-|12|2|5|tae|-|14|3|6|ri|-|18|2|7|pis|-|20|3|8|aut|-|24|3|9|per|-|28|3|10|iu|u|32|2|11|ga|u|34|2|12|Cyn|-|37|3|13|thi|x|40|3
499,237,"exercet Diana choros, quam mille secutae",0|ex|-|0|2|1|er|-|2|2|2|cet|-|4|3|3|Di|-|8|2|4|a|-|10|1|5|na|u|11|2|6|cho|u|14|3|7|ros|-|17|3|8|quam|-|22|4|9|mil|-|27|3|10|le|u|30|2|11|se|u|33|2|12|cu|-|35|2|13|tae|x|37|3
500,238,hinc atque hinc glomerantur Oreades; illa pharetram,0|hinc|-|0|4|1|at|-|5|2|2|que-hinc|-|7|8|3|glo|u|16|3|4|me|u|19|2|5|ran|-|21|3|6|tur|u|24|3|7|O|u|28|1|8|re|-|29|2|9|a|u|31|1|10|des|u|32|3|11|il|-|37|2|12|la|u|39|2|13|pha|u|42|3|14|ret|-|45|3|15|ram|x|48|3
501,239,"fert umero, gradiensque deas supereminet omnes:",0|fert|-|0|4|1|u|u|5|1|2|me|u|6|2|3|ro|-|8|2|4|gra|u|12|3|5|di|u|15|2|6|ens|-|17|3|7|que|u|20|3|8|de|u|24|2|9|as|-|26|2|10|su|u|29|2|11|pe|u|31|2|12|re|-|33|2|13|mi|u|35|2|14|net|u|37|3|15|om|-|41|2|16|nes|x|43|3
502,240,Latonae tacitum pertemptant gaudia pectus:,0|La|-|0|2|1|to|-|2|2|2|nae|-|4|3|3|ta|u|8|2|4|ci|u|10|2|5|tum|-|12|3|6|per|-|16|3|7|temp|-|19|4|8|tant|-|23|4|9|gau|-|28|3|10|di|u|31|2|11|a|u|33|1|12|pec|-|35|3|13|tus|x|38|3
503,241,"talis erat Dido, talem se laeta ferebat",0|ta|-|0|2|1|lis|u|2|3|2|e|u|6|1|3|rat|-|7|3|4|Di|-|11|2|5|do|-|13|2|6|ta|-|17|2|7|lem|-|19|3|8|se|-|23|2|9|lae|-|26|3|10|ta|u|29|2|11|fe|u|32|2|12|re|-|34|2|13|bat|x|36|3
504,242,"per medios, instans operi regnisque futuris",0|per|-|0|3|1|me|u|4|2|2|di|u|6|2|3|os|-|8|2|4|in|-|12|2|5|stans|-|14|5|6|o|u|20|1|7|pe|u|21|2|8|ri|-|23|2|9|reg|-|26|3|10|nis|-|29|3|11|que|u|32|3|12|fu|u|36|2|13|tu|-|38|2|14|ris|x|40|3
505,243,"tum foribus divae, media testudine templi,",0|tum|-|0|3|1|fo|u|4|2|2|ri|u|6|2|3|bus|-|8|3|4|di|-|12|2|5|vae|-|14|3|6|me|u|19|2|7|di|u|21|2|8|a|-|23|1|9|tes|-|25|3|10|tu|-|28|2|11|di|u|30|2|12|ne|u|32|2|13|tem|-|35|3|14|pli|x|38|3
506,244,"saepta armis, solioque alte subnixa resedit.",0|saep|-|0|4|1|ta-ar|-|4|5|2|mis|-|9|3|3|so|u|14|2|4|li|u|16|2|5|o|-|18|1|6|que-al|-|19|6|7|te|-|25|2|8|sub|-|28|3|9|nix|-|31|3|10|a|u|34|1|11|re|u|36|2|12|se|-|38|2|13|dit|x|40|3
507,245,"iura dabat legesque viris, operumque laborem",0|iu|-|0|2|1|ra|u|2|2|2|da|u|5|2|3|bat|-|7|3|4|le|-|11|2|5|ges|-|13|3|6|que|u|16|3|7|vi|u|20|2|8|ris|-|22|3|9|o|u|27|1|10|pe|u|28|2|11|rum|-|30|3|12|que|u|33|3|13|la|u|37|2|14|bo|-|39|2|15|rem|x|41|3
508,246,"partibus aequabat iustis, aut sorte trahebat:",0|par|-|0|3|1|ti|u|3|2|2|bus|u|5|3|3|ae|-|9|2|4|qua|-|11|3|5|bat|-|14|3|6|ius|-|18|3|7|tis|-|21|3|8|aut|-|26|3|9|sor|-|30|3|10|te|u|33|2|11|tra|u|36|3|12|he|-|39|2|13|bat|x|41|3
509,247,cum subito Aeneas concursu accedere magno,0|cum|-|0|3|1|su|u|4|2|2|bi|u|6|2|3|to-Ae|-|8|5|4|ne|-|13|2|5|as|-|15|2|6|con|-|18|3|7|cur|-|21|3|8|su-ac|-|24|5|9|ce|-|29|2|10|de|u|31|2|11|re|u|33|2|12|mag|-|36|3|13|no|x|39|2
510,248,"Anthea Sergestumque videt fortemque Cloanthum,",0|An|-|0|2|1|the|u|2|3|2|a|u|5|1|3|Ser|-|7|3|4|ges|-|10|3|5|tum|-|13|3|6|que|u|16|3|7|vi|u|20|2|8|det|-|22|3|9|for|-|26|3|10|tem|-|29|3|11|que|u|32|3|12|Clo|u|36|3|13|an|-|39|2|14|thum|x|41|4
511,249,"Teucrorumque alios, ater quos aequore turbo",0|Teu|-|0|3|1|cro|-|3|3|2|rum|-|6|3|3|que-a|u|9|5|4|li|u|14|2|5|os|-|16|2|6|a|-|20|1|7|ter|-|21|3|8|quos|-|25|4|9|ae|-|30|2|10|quo|u|32|3|11|re|u|35|2|12|tur|-|38|3|13|bo|x|41|2
512,250,dispulerat penitusque alias avexerat oras.,0|dis|-|0|3|1|pu|u|3|2|2|le|u|5|2|3|rat|-|7|3|4|pe|u|11|2|5|ni|u|13|2|6|tus|-|15|3|7|que-a|u|18|5|8|li|u|23|2|9|as|-|25|2|10|a|-|28|1|11|vex|-|29|3|12|e|u|32|1|13|rat|u|33|3|14|o|-|37|1|15|ras|x|38|3
513,251,obstipuit simul ipse simul perculsus Achates,0|ob|-|0|2|1|sti|u|2|3|2|pu|u|5|2|3|it|-|7|2|4|si|u|10|2|5|mul|u|12|3|6|ip|-|16|2|7|se|u|18|2|8|si|u|21|2|9|mul|-|23|3|10|per|-|27|3|11|cul|-|30|3|12|sus|u|33|3|13|A|u|37|1|14|cha|-|38|3|15|tes|x|41|3
514,252,laetitiaque metuque; avidi coniungere dextras,0|Lae|-|0|3|1|ti|u|3|2|2|ti|u|5|2|3|a|-|7|1|4|que|u|8|3|5|me|u|12|2|6|tu|-|14|2|7|que-a|u|16|6|8|vi|u|22|2|9|di|-|24|2|10|con|-|27|3|11|iun|-|30|3|12|ge|u|33|2|13|re|u|35|2|14|dex|-|38|3|15|tras|x|41|4
515,253,ardebant; sed res animos incognita turbat.,0|ar|-|0|2|1|de|-|2|2|2|bant|-|4|4|3|sed|-|10|3|4|res|-|14|3|5|a|u|18|1|6|ni|u|19|2|7|mos|-|21|3|8|in|-|25|2|9|cog|-|27|3|10|ni|u|30|2|11|ta|u|32|2|12|tur|-|35|3|13|bat|x|38|3
516,254,"dissimulant, et nube cava speculantur amicti,",0|dis|-|0|3|1|si|u|3|2|2|mu|u|5|2|3|lant|-|7|4|4|et|-|13|2|5|nu|-|16|2|6|be|u|18|2|7|ca|u|21|2|8|va|-|23|2|9|spe|u|26|3|10|cu|u|29|2|11|lan|-|31|3|12|tur|u|34|3|13|a|u|38|1|14|mic|-|39|3|15|ti|x|42|2
517,255,"quae fortuna viris, classem quo litore linquant,",0|quae|-|0|4|1|for|-|5|3|2|tu|-|8|2|3|na|u|10|2|4|vi|u|13|2|5|ris|-|15|3|6|clas|-|20|4|7|sem|-|24|3|8|quo|-|28|3|9|li|-|32|2|10|to|u|34|2|11|re|u|36|2|12|lin|-|39|3|13|quant|x|42|5
518,256,"quid veniant; cunctis nam lecti navibus ibant,",0|quid|-|0|4|1|ve|u|5|2|2|ni|u|7|2|3|ant|-|9|3|4|cunc|-|14|4|5|tis|-|18|3|6|nam|-|22|3|7|lec|-|26|3|8|ti|-|29|2|9|na|-|32|2|10|vi|u|34|2|11|bus|u|36|3|12|i|-|40|1|13|bant|x|41|4
519,257,"orantes veniam, et templum clamore petebant.",0|o|-|0|1|1|ran|-|1|3|2|tes|-|4|3|3|ve|u|8|2|4|ni|u|10|2|5|am-et|-|12|6|6|tem|-|19|3|7|plum|-|22|4|8|cla|-|27|3|9|mo|-|30|2|10|re|u|32|2|11|pe|u|35|2|12|te|-|37|2|13|bant|x|39|4
520,258,"postquam introgressi et coram data copia fandi,",0|post|-|0|4|1|quam-in|-|4|7|2|tro|-|11|3|3|gres|-|14|4|4|si-et|-|18|5|5|co|-|24|2|6|ram|-|26|3|7|da|u|30|2|8|ta|u|32|2|9|co|-|35|2|10|pi|u|37|2|11|a|u|39|1|12|fan|-|41|3|13|di|x|44|2
521,259,maximus Ilioneus placido sic pectore coepit:,0|max|-|0|3|1|i|u|3|1|2|mus|u|4|3|3|I|-|8|1|4|li|u|9|2|5|o|u|11|1|6|neus|-|12|4|7|pla|u|17|3|8|ci|u|20|2|9|do|-|22|2|10|sic|-|25|3|11|pec|-|29|3|12|to|u|32|2|13|re|u|34|2|14|coe|-|37|3|15|pit|x|40|3
522,260,"o Regina, novam cui condere Iuppiter urbem",0|o|-|0|1|1|Re|-|2|2|2|gi|-|4|2|3|na|u|6|2|4|no|u|10|2|5|vam|-|12|3|6|cui|-|16|3|7|con|-|20|3|8|de|u|23|2|9|re|u|25|2|10|Iup|-|28|3|11|pi|u|31|2|12|ter|u|33|3|13|ur|-|37|2|14|bem|x|39|3
523,261,"iustitiaque dedit gentis frenare superbas,",0|ius|-|0|3|1|ti|u|3|2|2|ti|u|5|2|3|a|-|7|1|4|que|u|8|3|5|de|u|12|2|6|dit|-|14|3|7|gen|-|18|3|8|tis|-|21|3|9|fre|-|25|3|10|na|-|28|2|11|re|u|30|2|12|su|u|33|2|13|per|-|35|3|14|bas|x|38|3
524,262,"Troes te miseri, ventis maria omnia vecti,",0|Tro|-|0|3|1|es|-|3|2|2|te|-|6|2|3|mi|u|9|2|4|se|u|11|2|5|ri|-|13|2|6|ven|-|17|3|7|tis|-|20|3|8|ma|u|24|2|9|ri|u|26|2|10|a-om|-|28|4|11|ni|u|32|2|12|a|u|34|1|13|vec|-|36|3|14|ti|x|39|2
525,263,"oramus, prohibe infandos a navibus ignes,",0|o|-|0|1|1|ra|-|1|2|2|mus|-|3|3|3|pro|u|8|3|4|hi|u|11|2|5|be-in|-|13|5|6|fan|-|18|3|7|dos|-|21|3|8|a|-|25|1|9|na|-|27|2|10|vi|u|29|2|11|bus|u|31|3|12|ig|-|35|2|13|nes|x|37|3
526,264,"parce pio generi, et propius res aspice nostras.",0|par|-|0|3|1|ce|u|3|2|2|pi|u|6|2|3|o|-|8|1|4|ge|u|10|2|5|ne|u|12|2|6|ri-et|-|14|6|7|pro|u|21|3|8|pi|u|24|2|9|us|-|26|2|10|res|-|29|3|11|as|-|33|2|12|pi|u|35|2|13|ce|u|37|2|14|nos|-|40|3|15|tras|x|43|4
527,265,non nos aut ferro Libycos populare Penatis,0|non|-|0|3|1|nos|-|4|3|2|aut|-|8|3|3|fer|-|12|3|4|ro|-|15|2|5|Li|u|18|2|6|by|u|20|2|7|cos|-|22|3|8|po|u|26|2|9|pu|u|28|2|10|la|-|30|2|11|re|u|32|2|12|Pe|u|35|2|13|na|-|37|2|14|tis|x|39|3
528,266,"venimus, aut raptas ad litora vertere praedas;",0|ve|-|0|2|1|ni|u|2|2|2|mus|u|4|3|3|aut|-|9|3|4|rap|-|13|3|5|tas|-|16|3|6|ad|-|20|2|7|li|-|23|2|8|to|u|25|2|9|ra|u|27|2|10|ver|-|30|3|11|te|u|33|2|12|re|u|35|2|13|prae|-|38|4|14|das|x|42|3
529,267,"non ea vis animo, nec tanta superbia victis.",0|non|-|0|3|1|e|u|4|1|2|a|u|5|1|3|vis|-|7|3|4|a|u|11|1|5|ni|u|12|2|6|mo|-|14|2|7|nec|-|18|3|8|tan|-|22|3|9|ta|u|25|2|10|su|u|28|2|11|per|-|30|3|12|bi|u|33|2|13|a|u|35|1|14|vic|-|37|3|15|tis|x|40|3
530,268,"est locus, Hesperiam Grai cognomine dicunt,",0|est|-|0|3|1|lo|u|4|2|2|cus|u|6|3|3|Hes|-|11|3|4|pe|u|14|2|5|ri|u|16|2|6|am|-|18|2|7|Gra|-|21|3|8|i|-|24|1|9|cog|-|26|3|10|no|-|29|2|11|mi|u|31|2|12|ne|u|33|2|13|di|-|36|2|14|cunt|x|38|4
531,269,"terra antiqua, potens armis atque ubere glaebae;",0|ter|-|0|3|1|ra-an|-|3|5|2|ti|-|8|2|3|qua|u|10|3|4|po|u|15|2|5|tens|-|17|4|6|ar|-|22|2|7|mis|-|24|3|8|at|-|28|2|9|que-u|-|30|5|10|be|u|35|2|11|re|u|37|2|12|glae|-|40|4|13|bae|x|44|3
532,270,Oenotri coluere viri; nunc fama minores,0|Oe|-|0|2|1|no|-|2|2|2|tri|-|4|3|3|co|u|8|2|4|lu|u|10|2|5|e|-|12|1|6|re|u|13|2|7|vi|u|16|2|8|ri|-|18|2|9|nunc|-|22|4|10|fa|-|27|2|11|ma|u|29|2|12|mi|u|32|2|13|no|-|34|2|14|res|x|36|3
533,271,Italiam dixisse ducis de nomine gentem.,0|I|-|0|1|1|ta|u|1|2|2|li|u|3|2|3|am|-|5|2|4|dix|-|8|3|5|is|-|11|2|6|se|u|13|2|7|du|u|16|2|8|cis|-|18|3|9|de|-|22|2|10|no|-|25|2|11|mi|u|27|2|12|ne|u|29|2|13|gen|-|32|3|14|tem|x|35|3
535,272,cum subito adsurgens fluctu nimbosus Orion,0|cum|-|0|3|1|su|u|4|2|2|bi|u|6|2|3|to-ad|-|8|5|4|sur|-|13|3|5|gens|-|16|4|6|fluc|-|21|4|7|tu|-|25|2|8|nim|-|28|3|9|bo|-|31|2|10|sus|u|33|3|11|O|u|37|1|12|ri|-|38|2|13|on|x|40|2
536,273,"in vada caeca tulit, penitusque procacibus austris",0|in|-|0|2|1|va|u|3|2|2|da|u|5|2|3|cae|-|8|3|4|ca|u|11|2|5|tu|u|14|2|6|lit|-|16|3|7|pe|u|21|2|8|ni|u|23|2|9|tus|-|25|3|10|que|u|28|3|11|pro|u|32|3|12|ca|-|35|2|13|ci|u|37|2|14|bus|u|39|3|15|aus|-|43|3|16|tris|x|46|4
537,274,"perque undas, superante salo, perque invia saxa",0|per|-|0|3|1|que-un|-|3|6|2|das|-|9|3|3|su|u|14|2|4|pe|u|16|2|5|ran|-|18|3|6|te|u|21|2|7|sa|u|24|2|8|lo|-|26|2|9|per|-|30|3|10|que-in|-|33|6|11|vi|u|39|2|12|a|u|41|1|13|sax|-|43|3|14|a|x|46|1
538,275,dispulit; huc pauci vestris adnavimus oris.,0|dis|-|0|3|1|pu|u|3|2|2|lit|u|5|3|3|huc|-|10|3|4|pau|-|14|3|5|ci|-|17|2|6|ves|-|20|3|7|tris|-|23|4|8|ad|-|28|2|9|na|-|30|2|10|vi|u|32|2|11|mus|u|34|3|12|o|-|38|1|13|ris|x|39|3
539,276,quod genus hoc hominum? Quaeve hunc tam barbara morem,0|quod|-|0|4|1|ge|u|5|2|2|nus|u|7|3|3|hoc|-|11|3|4|ho|u|15|2|5|mi|u|17|2|6|num|-|19|3|7|Quae|-|24|4|8|ve-hunc|-|28|7|9|tam|-|36|3|10|bar|-|40|3|11|ba|u|43|2|12|ra|u|45|2|13|mo|-|48|2|14|rem|x|50|3
540,277,permittit patria? Hospitio prohibemur harenae;,0|per|-|0|3|1|mit|-|3|3|2|tit|-|6|3|3|pa|u|10|2|4|tri|u|12|3|5|a-Hos|-|15|6|6|pi|u|21|2|7|ti|u|23|2|8|o|-|25|1|9|pro|u|27|3|10|hi|u|30|2|11|be|-|32|2|12|mur|u|34|3|13|ha|u|38|2|14|re|-|40|2|15|nae|x|42|3
541,278,"bella cient, primaque vetant consistere terra.",0|bel|-|0|3|1|la|u|3|2|2|ci|u|6|2|3|ent|-|8|3|4|pri|-|13|3|5|ma|-|16|2|6|que|u|18|3|7|ve|u|22|2|8|tant|-|24|4|9|con|-|29|3|10|sis|-|32|3|11|te|u|35|2|12|re|u|37|2|13|ter|-|40|3|14|ra|x|43|2
542,279,si genus humanum et mortalia temnitis arma,0|si|-|0|2|1|ge|u|3|2|2|nus|u|5|3|3|hu|-|9|2|4|ma|-|11|2|5|num-et|-|13|6|6|mor|-|20|3|7|ta|-|23|2|8|li|u|25|2|9|a|u|27|1|10|tem|-|29|3|11|ni|u|32|2|12|tis|u|34|3|13|ar|-|38|2|14|ma|x|40|2
543,280,at sperate deos memores fandi atque nefandi.,0|at|-|0|2|1|spe|-|3|3|2|ra|-|6|2|3|te|u|8|2|4|de|u|11|2|5|os|-|13|2|6|me|u|16|2|7|mo|u|18|2|8|res|-|20|3|9|fan|-|24|3|10|di-at|-|27|5|11|que|u|32|3|12|ne|u|36|2|13|fan|-|38|3|14|di|x|41|2
544,281,"rex erat Aeneas nobis, quo iustior alter,",0|rex|-|0|3|1|e|u|4|1|2|rat|u|5|3|3|Ae|-|9|2|4|ne|-|11|2|5|as|-|13|2|6|no|-|16|2|7|bis|-|18|3|8|quo|-|23|3|9|ius|-|27|3|10|ti|u|30|2|11|or|u|32|2|12|al|-|35|2|13|ter|x|37|3
545,282,"nec pietate fuit, nec bello maior et armis.",0|nec|-|0|3|1|pi|u|4|2|2|e|u|6|1|3|ta|-|7|2|4|te|u|9|2|5|fu|u|12|2|6|it|-|14|2|7|nec|-|18|3|8|bel|-|22|3|9|lo|-|25|2|10|ma|-|28|2|11|ior|u|30|3|12|et|u|34|2|13|ar|-|37|2|14|mis|x|39|3
546,283,"quem si fata virum servant, si vescitur aura",0|quem|-|0|4|1|si|-|5|2|2|fa|-|8|2|3|ta|u|10|2|4|vi|u|13|2|5|rum|-|15|3|6|ser|-|19|3|7|vant|-|22|4|8|si|-|28|2|9|ves|-|31|3|10|ci|u|34|2|11|tur|u|36|3|12|au|-|40|2|13|ra|x|42|2
547,284,"aetheria, neque adhuc crudelibus occubat umbris,",0|ae|-|0|2|1|the|u|2|3|2|ri|u|5|2|3|a|-|7|1|4|ne|u|10|2|5|que-ad|u|12|6|6|huc|-|18|3|7|cru|-|22|3|8|de|-|25|2|9|li|u|27|2|10|bus|u|29|3|11|oc|-|33|2|12|cu|u|35|2|13|bat|u|37|3|14|um|-|41|2|15|bris|x|43|4
548,285,non metus; officio nec te certasse priorem,0|non|-|0|3|1|me|u|4|2|2|tus|u|6|3|3|of|-|11|2|4|fi|u|13|2|5|ci|u|15|2|6|o|-|17|1|7|nec|-|19|3|8|te|-|23|2|9|cer|-|26|3|10|tas|-|29|3|11|se|u|32|2|12|pri|u|35|3|13|o|-|38|1|14|rem|x|39|3
549,286,poeniteat. Sunt et Siculis regionibus urbes,0|poe|-|0|3|1|ni|u|3|2|2|te|u|5|2|3|at|-|7|2|4|sunt|-|11|4|5|et|-|16|2|6|Si|u|19|2|7|cu|u|21|2|8|lis|-|23|3|9|re|u|27|2|10|gi|u|29|2|11|o|-|31|1|12|ni|u|32|2|13|bus|u|34|3|14|ur|-|38|2|15|bes|x|40|3
550,287,"armaque, Troianoque a sanguine clarus Acestes.",0|ar|-|0|2|1|ma|u|2|2|2|que|u|4|3|3|Tro|-|9|3|4|ia|-|12|2|5|no|-|14|2|6|que-a|-|16|5|7|san|-|22|3|8|gui|u|25|3|9|ne|u|28|2|10|cla|-|31|3|11|rus|u|34|3|12|A|u|38|1|13|ces|-|39|3|14|tes|x|42|3
551,288,"quassatam ventis liceat subducere classem,",0|quas|-|0|4|1|sa|-|4|2|2|tam|-|6|3|3|ven|-|10|3|4|tis|-|13|3|5|li|u|17|2|6|ce|u|19|2|7|at|-|21|2|8|sub|-|24|3|9|du|-|27|2|10|ce|u|29|2|11|re|u|31|2|12|clas|-|34|4|13|sem|x|38|3
552,289,et silvis aptare trabes et stringere remos:,0|et|-|0|2|1|sil|-|3|3|2|vis|-|6|3|3|ap|-|10|2|4|ta|-|12|2|5|re|u|14|2|6|tra|u|17|3|7|bes|-|20|3|8|et|-|24|2|9|strin|-|27|5|10|ge|u|32|2|11|re|u|34|2|12|re|-|37|2|13|mos|x|39|3
553,290,"si datur Italiam, sociis et rege recepto,",0|si|-|0|2|1|da|u|3|2|2|tur|u|5|3|3|I|-|9|1|4|ta|u|10|2|5|li|u|12|2|6|am|-|14|2|7|so|u|18|2|8|ci|u|20|2|9|is|-|22|2|10|et|-|25|2|11|re|-|28|2|12|ge|u|30|2|13|re|u|33|2|14|cep|-|35|3|15|to|x|38|2
554,291,"tendere, ut Italiam laeti Latiumque petamus;",0|ten|-|0|3|1|de|u|3|2|2|re-ut|u|5|6|3|I|-|12|1|4|ta|u|13|2|5|li|u|15|2|6|am|-|17|2|7|lae|-|20|3|8|ti|-|23|2|9|La|u|26|2|10|ti|u|28|2|11|um|-|30|2|12|que|u|32|3|13|pe|u|36|2|14|ta|-|38|2|15|mus|x|40|3
555,292,"sin absumpta salus, et te, pater optime Teucrum,",0|sin|-|0|3|1|ab|-|4|2|2|sump|-|6|4|3|ta|u|10|2|4|sa|u|13|2|5|lus|-|15|3|6|et|-|20|2|7|te|-|23|2|8|pa|u|27|2|9|ter|u|29|3|10|op|-|33|2|11|ti|u|35|2|12|me|u|37|2|13|Teu|-|40|3|14|crum|x|43|4
556,293,"pontus habet Libyae, nec spes iam restat Iuli,",0|pon|-|0|3|1|tus|u|3|3|2|ha|u|7|2|3|bet|-|9|3|4|Li|u|13|2|5|by|u|15|2|6|ae|-|17|2|7|nec|-|21|3|8|spes|-|25|4|9|iam|-|30|3|10|res|-|34|3|11|tat|u|37|3|12|I|u|41|1|13|u|-|42|1|14|li|x|43|2
557,294,"at freta Sicaniae saltem sedesque paratas,",0|at|-|0|2|1|fre|u|3|3|2|ta|u|6|2|3|Si|-|9|2|4|ca|u|11|2|5|ni|u|13|2|6|ae|-|15|2|7|sal|-|18|3|8|tem|-|21|3|9|se|-|25|2|10|des|-|27|3|11|que|u|30|3|12|pa|u|34|2|13|ra|-|36|2|14|tas|x|38|3
558,295,"unde huc advecti, regemque petamus Acesten.",0|un|-|0|2|1|de-huc|-|2|6|2|ad|-|9|2|3|vec|-|11|3|4|ti|-|14|2|5|re|-|18|2|6|gem|-|20|3|7|que|u|23|3|8|pe|u|27|2|9|ta|-|29|2|10|mus|u|31|3|11|A|u|35|1|12|ces|-|36|3|13|ten|x|39|3
559,296,talibus Ilioneus; cuncti simul ore fremebant,0|ta|-|0|2|1|li|u|2|2|2|bus|u|4|3|3|I|-|8|1|4|li|u|9|2|5|o|u|11|1|6|neus|-|12|4|7|cun|-|18|3|8|cti|-|21|3|9|si|u|25|2|10|mul|u|27|3|11|o|-|31|1|12|re|u|32|2|13|fre|u|35|3|14|me|-|38|2|15|bant|x|40|4
561,297,"tum breviter Dido, vultum demissa, profatur:",0|tum|-|0|3|1|bre|u|4|3|2|vi|u|7|2|3|ter|-|9|3|4|Di|-|13|2|5|do|-|15|2|6|vul|-|19|3|7|tum|-|22|3|8|de|-|26|2|9|mis|-|28|3|10|sa|u|31|2|11|pro|u|35|3|12|fa|-|38|2|13|tur|x|40|3
562,298,"solvite corde metum, Teucri, secludite curas.",0|sol|-|0|3|1|vi|u|3|2|2|te|u|5|2|3|cor|-|8|3|4|de|u|11|2|5|me|u|14|2|6|tum|-|16|3|7|Teu|-|21|3|8|cri|-|24|3|9|se|-|29|2|10|clu|-|31|3|11|di|u|34|2|12|te|u|36|2|13|cu|-|39|2|14|ras|x|41|3
563,299,res dura et regni novitas me talia cogunt,0|res|-|0|3|1|du|-|4|2|2|ra-et|-|6|5|3|reg|-|12|3|4|ni|-|15|2|5|no|u|18|2|6|vi|u|20|2|7|tas|-|22|3|8|me|-|26|2|9|ta|-|29|2|10|li|u|31|2|11|a|u|33|1|12|co|-|35|2|13|gunt|x|37|4
564,300,"moliri, et late finis custode tueri.",0|mo|-|0|2|1|li|-|2|2|2|ri-et|-|4|6|3|la|-|11|2|4|te|-|13|2|5|fi|-|16|2|6|nis|-|18|3|7|cus|-|22|3|8|to|-|25|2|9|de|u|27|2|10|tu|u|30|2|11|e|-|32|1|12|ri|x|33|2
565,301,"quis genus Aeneadum, quis Troiae nesciat urbem,",0|quis|-|0|4|1|ge|u|5|2|2|nus|u|7|3|3|Ae|-|11|2|4|ne|u|13|2|5|a|u|15|1|6|dum|-|16|3|7|quis|-|21|4|8|Tro|-|26|3|9|iae|-|29|3|10|nes|-|33|3|11|ci|u|36|2|12|at|u|38|2|13|ur|-|41|2|14|bem|x|43|3
566,302,"virtutesque virosque, aut tanti incendia belli?",0|vir|-|0|3|1|tu|-|3|2|2|tes|-|5|3|3|que|u|8|3|4|vi|u|12|2|5|ros|-|14|3|6|que-aut|-|17|8|7|tan|-|26|3|8|ti-in|-|29|5|9|cen|-|34|3|10|di|u|37|2|11|a|u|39|1|12|bel|-|41|3|13|li|x|44|2
567,303,"non obtusa adeo gestamus pectora Poeni,",0|non|-|0|3|1|ob|-|4|2|2|tu|-|6|2|3|sa-a|u|8|4|4|de|u|12|2|5|o|-|14|1|6|ges|-|16|3|7|ta|-|19|2|8|mus|-|21|3|9|pec|-|25|3|10|to|u|28|2|11|ra|u|30|2|12|Poe|-|33|3|13|ni|x|36|2
568,304,nec tam aversus equos Tyria Sol iungit ab urbe.,0|nec|-|0|3|1|tam-a|-|4|5|2|ver|-|9|3|3|sus|u|12|3|4|e|u|16|1|5|quos|-|17|4|6|Ty|u|22|2|7|ri|u|24|2|8|a|-|26|1|9|Sol|-|28|3|10|iun|-|32|3|11|git|u|35|3|12|ab|u|39|2|13|ur|-|42|2|14|be|x|44|2
569,305,"seu vos Hesperiam magnam Saturniaque arva,",0|seu|-|0|3|1|vos|-|4|3|2|Hes|-|8|3|3|pe|u|11|2|4|ri|u|13|2|5|am|-|15|2|6|mag|-|18|3|7|nam|-|21|3|8|Sa|-|25|2|9|tur|-|27|3|10|ni|u|30|2|11|a|u|32|1|12|que-ar|-|33|6|13|va|x|39|2
570,306,"sive Erycis finis regemque optatis Acesten,",0|si|-|0|2|1|ve-E|u|2|4|2|ry|u|6|2|3|cis|-|8|3|4|fi|-|12|2|5|nis|-|14|3|6|re|-|18|2|7|gem|-|20|3|8|que-op|-|23|6|9|ta|-|29|2|10|tis|u|31|3|11|A|u|35|1|12|ces|-|36|3|13|ten|x|39|3
571,307,"auxilio tutos dimittam, opibusque iuvabo.",0|aux|-|0|3|1|i|u|3|1|2|li|u|4|2|3|o|-|6|1|4|tu|-|8|2|5|tos|-|10|3|6|di|-|14|2|7|mit|-|16|3|8|tam-o|u|19|6|9|pi|u|25|2|10|bus|-|27|3|11|que|u|30|3|12|iu|u|34|2|13|va|-|36|2|14|bo|x|38|2
572,308,vultis et his mecum pariter considere regnis;,0|vul|-|0|3|1|tis|u|3|3|2|et|u|7|2|3|his|-|10|3|4|me|-|14|2|5|cum|-|16|3|6|pa|u|20|2|7|ri|u|22|2|8|ter|-|24|3|9|con|-|28|3|10|si|-|31|2|11|de|u|33|2|12|re|u|35|2|13|reg|-|38|3|14|nis|x|41|3
573,309,"urbem quam statuo vestra est, subducite naves;",0|ur|-|0|2|1|bem|-|2|3|2|quam|-|6|4|3|sta|u|11|3|4|tu|u|14|2|5|o|-|16|1|6|ves|-|18|3|7|tra-est|-|21|7|8|sub|-|30|3|9|du|-|33|2|10|ci|u|35|2|11|te|u|37|2|12|na|-|40|2|13|ves|x|42|3
574,310,Tros Tyriusque mihi nullo discrimine agetur.,0|Tros|-|0|4|1|Ty|u|5|2|2|ri|u|7|2|3|us|-|9|2|4|que|u|11|3|5|mi|u|15|2|6|hi|-|17|2|7|nul|-|20|3|8|lo|-|23|2|9|dis|-|26|3|10|cri|-|29|3|11|mi|u|32|2|12|ne-a|u|34|4|13|ge|-|38|2|14|tur|x|40|3
575,311,atque utinam rex ipse Noto compulsus eodem,0|at|-|0|2|1|que-u|u|2|5|2|ti|u|7|2|3|nam|-|9|3|4|rex|-|13|3|5|ip|-|17|2|6|se|u|19|2|7|No|u|22|2|8|to|-|24|2|9|com|-|27|3|10|pul|-|30|3|11|sus|u|33|3|12|e|u|37|1|13|o|-|38|1|14|dem|x|39|3
576,312,adforet Aeneas! Equidem per litora certos,0|ad|-|0|2|1|fo|u|2|2|2|ret|u|4|3|3|Ae|-|8|2|4|ne|-|10|2|5|as|-|12|2|6|E|u|16|1|7|qui|u|17|3|8|dem|-|20|3|9|per|-|24|3|10|li|-|28|2|11|to|u|30|2|12|ra|u|32|2|13|cer|-|35|3|14|tos|x|38|3
577,313,"dimittam et Libyae lustrare extrema iubebo,",0|di|-|0|2|1|mit|-|2|3|2|tam-et|-|5|6|3|Li|u|12|2|4|by|u|14|2|5|ae|-|16|2|6|lus|-|19|3|7|tra|-|22|3|8|re-ex|-|25|5|9|tre|-|30|3|10|ma|u|33|2|11|iu|u|36|2|12|be|-|38|2|13|bo|x|40|2
578,314,si quibus eiectus silvis aut urbibus errat.',0|si|-|0|2|1|qui|u|3|3|2|bus|u|6|3|3|e|-|10|1|4|iec|-|11|3|5|tus|-|14|3|6|sil|-|18|3|7|vis|-|21|3|8|aut|-|25|3|9|ur|-|29|2|10|bi|u|31|2|11|bus|u|33|3|12|er|-|37|2|13|rat|x|39|3
